ID,类型,SKU,名称,已发布,是推荐产品？,在列表页可见,简短描述,描述,促销开始日期,促销截止日期,税状态,税类,有货？,库存,库存不足,允许缺货下单？,单独出售？,重量(公斤),长度(厘米),宽度 (厘米),高度 (厘米),允许客户评价？,购物备注,促销价格,常规售价,分类,标签,运费类,图片,下载限制,下载的过期天数,父级,分组产品,交叉销售,交叉销售,外部链接,按钮文本,位置,属性 1 名称,属性 1 值,属性 1 可见,属性 1  的全局,属性 2 名称,属性 2 值,属性 2 可见,属性 2  的全局,属性 3 名称,属性 3 值,属性 3 可见,属性 3  的全局,属性 4 名称,属性 4 值,属性 4 可见,属性 4  的全局,属性 5 名称,属性 5 值,属性 5 可见,属性 5  的全局,属性 6 名称,属性 6 值,属性 6 可见,属性 6  的全局,属性 7 名称,属性 7 值,属性 7 可见,属性 7  的全局,属性 8 名称,属性 8 值,属性 8 可见,属性 8  的全局,属性 9 名称,属性 9 值,属性 9 可见,属性 9  的全局,元数据：_wp_page_template
1007,simple,A1007,CELINE Small Trapeze bag in beige leather,1,0,visible,Condition excellent?\nWear on the suede,,,,taxable,,1,,,0,0,,,,,1,,,853,HANDBAG,,,"http://localhost/wordpress/wp-content/uploads/2023/08/CELINE-Small-Trapeze-bag-in-beige-leather_01.jpg, http://localhost/wordpress/wp-content/uploads/2023/08/CELINE-Small-Trapeze-bag-in-beige-leather_02.jpg, http://localhost/wordpress/wp-content/uploads/2023/08/CELINE-Small-Trapeze-bag-in-beige-leather_03.jpg, http://localhost/wordpress/wp-content/uploads/2023/08/CELINE-Small-Trapeze-bag-in-beige-leather_04.jpg, http://localhost/wordpress/wp-content/uploads/2023/08/CELINE-Small-Trapeze-bag-in-beige-leather_05.jpg, http://localhost/wordpress/wp-content/uploads/2023/08/CELINE-Small-Trapeze-bag-in-beige-leather_06.jpg, http://localhost/wordpress/wp-content/uploads/2023/08/CELINE-Small-Trapeze-bag-in-beige-leather_07.jpg, http://localhost/wordpress/wp-content/uploads/2023/08/CELINE-Small-Trapeze-bag-in-beige-leather_08.jpg, http://localhost/wordpress/wp-content/uploads/2023/08/CELINE-Small-Trapeze-bag-in-beige-leather_09.jpg, http://localhost/wordpress/wp-content/uploads/2023/08/CELINE-Small-Trapeze-bag-in-beige-leather_10.jpg, http://localhost/wordpress/wp-content/uploads/2023/08/CELINE-Small-Trapeze-bag-in-beige-leather_11.jpg, http://localhost/wordpress/wp-content/uploads/2023/08/CELINE-Small-Trapeze-bag-in-beige-leather_12.jpg, http://localhost/wordpress/wp-content/uploads/2023/08/CELINE-Small-Trapeze-bag-in-beige-leather_13.jpg",,,,,,,,,0,BRAND,Celine,1,1,CATEGORY,"Handbag, Shoulder bag",1,1,COLOR,Beige,1,1,HARDWARE COLOR,Silver,1,1,MATTER,Leather,1,1,CONDITION,excellent,1,1,SIZE,Very large,1,1,LIMITED EDITION,Non,1,1,YEAR OF PRODUCTION,,1,1,default
1008,simple,A1008,CHANEL Infinity Top Handle bag in red leather,1,0,visible,Condition Very good?\nA few scratches\nSome signs of wear on the leather\nCorners slightly damaged,,,,taxable,,1,,,0,0,,,,,1,,,5479,HANDBAG,,,"http://localhost/wordpress/wp-content/uploads/2023/08/CHANEL-Infinity-Top-Handle-bag-in-red-leather_01.jpg, http://localhost/wordpress/wp-content/uploads/2023/08/CHANEL-Infinity-Top-Handle-bag-in-red-leather_02.jpg, http://localhost/wordpress/wp-content/uploads/2023/08/CHANEL-Infinity-Top-Handle-bag-in-red-leather_03.jpg, http://localhost/wordpress/wp-content/uploads/2023/08/CHANEL-Infinity-Top-Handle-bag-in-red-leather_04.jpg, http://localhost/wordpress/wp-content/uploads/2023/08/CHANEL-Infinity-Top-Handle-bag-in-red-leather_05.jpg, http://localhost/wordpress/wp-content/uploads/2023/08/CHANEL-Infinity-Top-Handle-bag-in-red-leather_06.jpg, http://localhost/wordpress/wp-content/uploads/2023/08/CHANEL-Infinity-Top-Handle-bag-in-red-leather_07.jpg, http://localhost/wordpress/wp-content/uploads/2023/08/CHANEL-Infinity-Top-Handle-bag-in-red-leather_08.jpg, http://localhost/wordpress/wp-content/uploads/2023/08/CHANEL-Infinity-Top-Handle-bag-in-red-leather_09.jpg, http://localhost/wordpress/wp-content/uploads/2023/08/CHANEL-Infinity-Top-Handle-bag-in-red-leather_10.jpg, http://localhost/wordpress/wp-content/uploads/2023/08/CHANEL-Infinity-Top-Handle-bag-in-red-leather_11.jpg, http://localhost/wordpress/wp-content/uploads/2023/08/CHANEL-Infinity-Top-Handle-bag-in-red-leather_12.jpg, http://localhost/wordpress/wp-content/uploads/2023/08/CHANEL-Infinity-Top-Handle-bag-in-red-leather_13.jpg, http://localhost/wordpress/wp-content/uploads/2023/08/CHANEL-Infinity-Top-Handle-bag-in-red-leather_14.jpg",,,,,,,,,0,BRAND,Chanel,1,1,CATEGORY,"Handbag, Shoulder bag",1,1,COLOR,Red,1,1,HARDWARE COLOR,Golden,1,1,MATTER,Leather,1,1,CONDITION,Very good,1,1,SIZE,Little,1,1,LIMITED EDITION,Non,1,1,YEAR OF PRODUCTION,Years 2010,1,1,default
1009,simple,A1009,CHANEL Luxury Line Vintage bag in black leather,1,0,visible,Condition Very good?\nSmall scratch at the bottom of the bag\nSome signs of wear on the leather,,,,taxable,,1,,,0,0,,,,,1,,,2144,HANDBAG,,,"http://localhost/wordpress/wp-content/uploads/2023/08/CHANEL-Luxury-Line-Vintage-bag-in-black-leather_01.jpg, http://localhost/wordpress/wp-content/uploads/2023/08/CHANEL-Luxury-Line-Vintage-bag-in-black-leather_02.jpg, http://localhost/wordpress/wp-content/uploads/2023/08/CHANEL-Luxury-Line-Vintage-bag-in-black-leather_03.jpg, http://localhost/wordpress/wp-content/uploads/2023/08/CHANEL-Luxury-Line-Vintage-bag-in-black-leather_04.jpg, http://localhost/wordpress/wp-content/uploads/2023/08/CHANEL-Luxury-Line-Vintage-bag-in-black-leather_05.jpg, http://localhost/wordpress/wp-content/uploads/2023/08/CHANEL-Luxury-Line-Vintage-bag-in-black-leather_06.jpg, http://localhost/wordpress/wp-content/uploads/2023/08/CHANEL-Luxury-Line-Vintage-bag-in-black-leather_07.jpg, http://localhost/wordpress/wp-content/uploads/2023/08/CHANEL-Luxury-Line-Vintage-bag-in-black-leather_08.jpg, http://localhost/wordpress/wp-content/uploads/2023/08/CHANEL-Luxury-Line-Vintage-bag-in-black-leather_09.jpg, http://localhost/wordpress/wp-content/uploads/2023/08/CHANEL-Luxury-Line-Vintage-bag-in-black-leather_10.jpg, http://localhost/wordpress/wp-content/uploads/2023/08/CHANEL-Luxury-Line-Vintage-bag-in-black-leather_11.jpg, http://localhost/wordpress/wp-content/uploads/2023/08/CHANEL-Luxury-Line-Vintage-bag-in-black-leather_12.jpg, http://localhost/wordpress/wp-content/uploads/2023/08/CHANEL-Luxury-Line-Vintage-bag-in-black-leather_13.jpg",,,,,,,,,0,BRAND,Chanel,1,1,CATEGORY,"Handbag, Shoulder bag",1,1,COLOR,Black,1,1,HARDWARE COLOR,Silver,1,1,MATTER,Leather,1,1,CONDITION,Very good,1,1,SIZE,Grand,1,1,LIMITED EDITION,Non,1,1,YEAR OF PRODUCTION,2000s,1,1,default
1010,simple,A1010,CHANEL Mademoiselle bag in black patent leather,1,0,visible,Condition Very good?\nSome stains outside\nSome signs of wear on the leather\nCorners slightly damaged\nDeformation outside,,,,taxable,,1,,,0,0,,,,,1,,,2075,HANDBAG,,,"http://localhost/wordpress/wp-content/uploads/2023/08/CHANEL-Mademoiselle-bag-in-black-patent-leather_01.jpg, http://localhost/wordpress/wp-content/uploads/2023/08/CHANEL-Mademoiselle-bag-in-black-patent-leather_02.jpg, http://localhost/wordpress/wp-content/uploads/2023/08/CHANEL-Mademoiselle-bag-in-black-patent-leather_03.jpg, http://localhost/wordpress/wp-content/uploads/2023/08/CHANEL-Mademoiselle-bag-in-black-patent-leather_04.jpg, http://localhost/wordpress/wp-content/uploads/2023/08/CHANEL-Mademoiselle-bag-in-black-patent-leather_05.jpg, http://localhost/wordpress/wp-content/uploads/2023/08/CHANEL-Mademoiselle-bag-in-black-patent-leather_06.jpg, http://localhost/wordpress/wp-content/uploads/2023/08/CHANEL-Mademoiselle-bag-in-black-patent-leather_07.jpg, http://localhost/wordpress/wp-content/uploads/2023/08/CHANEL-Mademoiselle-bag-in-black-patent-leather_08.jpg, http://localhost/wordpress/wp-content/uploads/2023/08/CHANEL-Mademoiselle-bag-in-black-patent-leather_09.jpg, http://localhost/wordpress/wp-content/uploads/2023/08/CHANEL-Mademoiselle-bag-in-black-patent-leather_10.jpg, http://localhost/wordpress/wp-content/uploads/2023/08/CHANEL-Mademoiselle-bag-in-black-patent-leather_11.jpg, http://localhost/wordpress/wp-content/uploads/2023/08/CHANEL-Mademoiselle-bag-in-black-patent-leather_12.jpg, http://localhost/wordpress/wp-content/uploads/2023/08/CHANEL-Mademoiselle-bag-in-black-patent-leather_13.jpg",,,,,,,,,0,BRAND,Chanel,1,1,CATEGORY,"Handbag, Shoulder bag",1,1,COLOR,Black,1,1,HARDWARE COLOR,Silver,1,1,MATTER,Leather,1,1,CONDITION,Very good,1,1,SIZE,Grand,1,1,LIMITED EDITION,Non,1,1,YEAR OF PRODUCTION,Years 2010,1,1,default
1011,simple,A1011,CHANEL Medaillon Vintage bag in black grained leather,1,0,visible,Condition Very good?\nInterior slightly stained\nInterior slightly damaged,,,,taxable,,1,,,0,0,,,,,1,,,2244,HANDBAG,,,"http://localhost/wordpress/wp-content/uploads/2023/08/CHANEL-Medaillon-Vintage-bag-in-black-grained-leather_01.jpg, http://localhost/wordpress/wp-content/uploads/2023/08/CHANEL-Medaillon-Vintage-bag-in-black-grained-leather_02.jpg, http://localhost/wordpress/wp-content/uploads/2023/08/CHANEL-Medaillon-Vintage-bag-in-black-grained-leather_03.jpg, http://localhost/wordpress/wp-content/uploads/2023/08/CHANEL-Medaillon-Vintage-bag-in-black-grained-leather_04.jpg, http://localhost/wordpress/wp-content/uploads/2023/08/CHANEL-Medaillon-Vintage-bag-in-black-grained-leather_05.jpg, http://localhost/wordpress/wp-content/uploads/2023/08/CHANEL-Medaillon-Vintage-bag-in-black-grained-leather_06.jpg, http://localhost/wordpress/wp-content/uploads/2023/08/CHANEL-Medaillon-Vintage-bag-in-black-grained-leather_07.jpg, http://localhost/wordpress/wp-content/uploads/2023/08/CHANEL-Medaillon-Vintage-bag-in-black-grained-leather_08.jpg, http://localhost/wordpress/wp-content/uploads/2023/08/CHANEL-Medaillon-Vintage-bag-in-black-grained-leather_09.jpg, http://localhost/wordpress/wp-content/uploads/2023/08/CHANEL-Medaillon-Vintage-bag-in-black-grained-leather_10.jpg, http://localhost/wordpress/wp-content/uploads/2023/08/CHANEL-Medaillon-Vintage-bag-in-black-grained-leather_11.jpg, http://localhost/wordpress/wp-content/uploads/2023/08/CHANEL-Medaillon-Vintage-bag-in-black-grained-leather_12.jpg",,,,,,,,,0,BRAND,Chanel,1,1,CATEGORY,"Handbag, Shoulder bag",1,1,COLOR,Black,1,1,HARDWARE COLOR,Golden,1,1,MATTER,"Leather, Grained leather",1,1,CONDITION,Very good,1,1,SIZE,Grand,1,1,LIMITED EDITION,Non,1,1,YEAR OF PRODUCTION,2000s,1,1,default
1012,simple,A1012,CHANEL Sac Timeless Classique Medium en cuir beige,1,0,visible,Condition Very good?\nSome signs of wear on the leather\nSmall scratch on the flap of the bag,,,,taxable,,1,,,0,0,,,,,1,,,4598,HANDBAG,,,"http://localhost/wordpress/wp-content/uploads/2023/08/CHANEL-Sac-Timeless-Classique-Medium-en-cuir-beige_01.jpg, http://localhost/wordpress/wp-content/uploads/2023/08/CHANEL-Sac-Timeless-Classique-Medium-en-cuir-beige_02.jpg, http://localhost/wordpress/wp-content/uploads/2023/08/CHANEL-Sac-Timeless-Classique-Medium-en-cuir-beige_03.jpg, http://localhost/wordpress/wp-content/uploads/2023/08/CHANEL-Sac-Timeless-Classique-Medium-en-cuir-beige_04.jpg, http://localhost/wordpress/wp-content/uploads/2023/08/CHANEL-Sac-Timeless-Classique-Medium-en-cuir-beige_05.jpg, http://localhost/wordpress/wp-content/uploads/2023/08/CHANEL-Sac-Timeless-Classique-Medium-en-cuir-beige_06.jpg, http://localhost/wordpress/wp-content/uploads/2023/08/CHANEL-Sac-Timeless-Classique-Medium-en-cuir-beige_07.jpg, http://localhost/wordpress/wp-content/uploads/2023/08/CHANEL-Sac-Timeless-Classique-Medium-en-cuir-beige_08.jpg, http://localhost/wordpress/wp-content/uploads/2023/08/CHANEL-Sac-Timeless-Classique-Medium-en-cuir-beige_09.jpg, http://localhost/wordpress/wp-content/uploads/2023/08/CHANEL-Sac-Timeless-Classique-Medium-en-cuir-beige_10.jpg, http://localhost/wordpress/wp-content/uploads/2023/08/CHANEL-Sac-Timeless-Classique-Medium-en-cuir-beige_11.jpg, http://localhost/wordpress/wp-content/uploads/2023/08/CHANEL-Sac-Timeless-Classique-Medium-en-cuir-beige_12.jpg, http://localhost/wordpress/wp-content/uploads/2023/08/CHANEL-Sac-Timeless-Classique-Medium-en-cuir-beige_13.jpg, http://localhost/wordpress/wp-content/uploads/2023/08/CHANEL-Sac-Timeless-Classique-Medium-en-cuir-beige_14.jpg",,,,,,,,,0,BRAND,Chanel,1,1,CATEGORY,"Handbag, Shoulder bag",1,1,COLOR,Beige,1,1,HARDWARE COLOR,"Silver, Golden",1,1,MATTER,Leather,1,1,CONDITION,Very good,1,1,SIZE,Average,1,1,LIMITED EDITION,Non,1,1,YEAR OF PRODUCTION,2000s,1,1,default
1013,simple,A1013,CHANEL Sac Timeless Classique Medium en cuir violet,1,0,visible,Condition Very good?\nSome stains inside\nInterior slightly damaged\nSmall scratch on the front of the bag,,,,taxable,,1,,,0,0,,,,,1,,,5722,HANDBAG,,,"http://localhost/wordpress/wp-content/uploads/2023/08/CHANEL-Sac-Timeless-Classique-Medium-en-cuir-violet_01.jpg, http://localhost/wordpress/wp-content/uploads/2023/08/CHANEL-Sac-Timeless-Classique-Medium-en-cuir-violet_02.jpg, http://localhost/wordpress/wp-content/uploads/2023/08/CHANEL-Sac-Timeless-Classique-Medium-en-cuir-violet_03.jpg, http://localhost/wordpress/wp-content/uploads/2023/08/CHANEL-Sac-Timeless-Classique-Medium-en-cuir-violet_04.jpg, http://localhost/wordpress/wp-content/uploads/2023/08/CHANEL-Sac-Timeless-Classique-Medium-en-cuir-violet_05.jpg, http://localhost/wordpress/wp-content/uploads/2023/08/CHANEL-Sac-Timeless-Classique-Medium-en-cuir-violet_06.jpg, http://localhost/wordpress/wp-content/uploads/2023/08/CHANEL-Sac-Timeless-Classique-Medium-en-cuir-violet_07.jpg, http://localhost/wordpress/wp-content/uploads/2023/08/CHANEL-Sac-Timeless-Classique-Medium-en-cuir-violet_08.jpg, http://localhost/wordpress/wp-content/uploads/2023/08/CHANEL-Sac-Timeless-Classique-Medium-en-cuir-violet_09.jpg, http://localhost/wordpress/wp-content/uploads/2023/08/CHANEL-Sac-Timeless-Classique-Medium-en-cuir-violet_10.jpg, http://localhost/wordpress/wp-content/uploads/2023/08/CHANEL-Sac-Timeless-Classique-Medium-en-cuir-violet_11.jpg, http://localhost/wordpress/wp-content/uploads/2023/08/CHANEL-Sac-Timeless-Classique-Medium-en-cuir-violet_12.jpg, http://localhost/wordpress/wp-content/uploads/2023/08/CHANEL-Sac-Timeless-Classique-Medium-en-cuir-violet_13.jpg, http://localhost/wordpress/wp-content/uploads/2023/08/CHANEL-Sac-Timeless-Classique-Medium-en-cuir-violet_14.jpg",,,,,,,,,0,BRAND,Chanel,1,1,CATEGORY,Shoulder bag,1,1,COLOR,Purple,1,1,HARDWARE COLOR,Silver,1,1,MATTER,Leather,1,1,CONDITION,Very good,1,1,SIZE,Average,1,1,LIMITED EDITION,Non,1,1,YEAR OF PRODUCTION,Years 2010,1,1,default
1014,simple,A1014,CHANEL Sac Timeless Classique Medium Vintage en cuir noir,1,0,visible,Condition Very good?\nA few scratches\nSome signs of wear on the leather\nScratches on the hardware,,,,taxable,,1,,,0,0,,,,,1,,,4544,HANDBAG,,,"http://localhost/wordpress/wp-content/uploads/2023/08/CHANEL-Sac-Timeless-Classique-Medium-Vintage-en-cuir-noir_01.jpg, http://localhost/wordpress/wp-content/uploads/2023/08/CHANEL-Sac-Timeless-Classique-Medium-Vintage-en-cuir-noir_02.jpg, http://localhost/wordpress/wp-content/uploads/2023/08/CHANEL-Sac-Timeless-Classique-Medium-Vintage-en-cuir-noir_03.jpg, http://localhost/wordpress/wp-content/uploads/2023/08/CHANEL-Sac-Timeless-Classique-Medium-Vintage-en-cuir-noir_04.jpg, http://localhost/wordpress/wp-content/uploads/2023/08/CHANEL-Sac-Timeless-Classique-Medium-Vintage-en-cuir-noir_05.jpg, http://localhost/wordpress/wp-content/uploads/2023/08/CHANEL-Sac-Timeless-Classique-Medium-Vintage-en-cuir-noir_06.jpg, http://localhost/wordpress/wp-content/uploads/2023/08/CHANEL-Sac-Timeless-Classique-Medium-Vintage-en-cuir-noir_07.jpg, http://localhost/wordpress/wp-content/uploads/2023/08/CHANEL-Sac-Timeless-Classique-Medium-Vintage-en-cuir-noir_08.jpg, http://localhost/wordpress/wp-content/uploads/2023/08/CHANEL-Sac-Timeless-Classique-Medium-Vintage-en-cuir-noir_09.jpg, http://localhost/wordpress/wp-content/uploads/2023/08/CHANEL-Sac-Timeless-Classique-Medium-Vintage-en-cuir-noir_10.jpg, http://localhost/wordpress/wp-content/uploads/2023/08/CHANEL-Sac-Timeless-Classique-Medium-Vintage-en-cuir-noir_11.jpg, http://localhost/wordpress/wp-content/uploads/2023/08/CHANEL-Sac-Timeless-Classique-Medium-Vintage-en-cuir-noir_12.jpg, http://localhost/wordpress/wp-content/uploads/2023/08/CHANEL-Sac-Timeless-Classique-Medium-Vintage-en-cuir-noir_13.jpg, http://localhost/wordpress/wp-content/uploads/2023/08/CHANEL-Sac-Timeless-Classique-Medium-Vintage-en-cuir-noir_14.jpg, http://localhost/wordpress/wp-content/uploads/2023/08/CHANEL-Sac-Timeless-Classique-Medium-Vintage-en-cuir-noir_15.jpg",,,,,,,,,0,BRAND,Chanel,1,1,CATEGORY,Shoulder bag,1,1,COLOR,Black,1,1,HARDWARE COLOR,Golden,1,1,MATTER,Leather,1,1,CONDITION,Very good,1,1,SIZE,Average,1,1,LIMITED EDITION,Non,1,1,YEAR OF PRODUCTION,1990s,1,1,default
1015,simple,A1015,CHANEL Shopping Bag in black leather,1,0,visible,Condition Very good?\nDamaged corners\nMarked Leather\nStripes on the clasp\nScratches on the hardware,,,,taxable,,1,,,0,0,,,,,1,,,3100,HANDBAG,,,"http://localhost/wordpress/wp-content/uploads/2023/08/CHANEL-Shopping-Bag-in-black-leather_01.jpg, http://localhost/wordpress/wp-content/uploads/2023/08/CHANEL-Shopping-Bag-in-black-leather_02.jpg, http://localhost/wordpress/wp-content/uploads/2023/08/CHANEL-Shopping-Bag-in-black-leather_03.jpg, http://localhost/wordpress/wp-content/uploads/2023/08/CHANEL-Shopping-Bag-in-black-leather_04.jpg, http://localhost/wordpress/wp-content/uploads/2023/08/CHANEL-Shopping-Bag-in-black-leather_05.jpg, http://localhost/wordpress/wp-content/uploads/2023/08/CHANEL-Shopping-Bag-in-black-leather_06.jpg, http://localhost/wordpress/wp-content/uploads/2023/08/CHANEL-Shopping-Bag-in-black-leather_07.jpg, http://localhost/wordpress/wp-content/uploads/2023/08/CHANEL-Shopping-Bag-in-black-leather_08.jpg, http://localhost/wordpress/wp-content/uploads/2023/08/CHANEL-Shopping-Bag-in-black-leather_09.jpg, http://localhost/wordpress/wp-content/uploads/2023/08/CHANEL-Shopping-Bag-in-black-leather_10.jpg, http://localhost/wordpress/wp-content/uploads/2023/08/CHANEL-Shopping-Bag-in-black-leather_11.jpg, http://localhost/wordpress/wp-content/uploads/2023/08/CHANEL-Shopping-Bag-in-black-leather_12.jpg, http://localhost/wordpress/wp-content/uploads/2023/08/CHANEL-Shopping-Bag-in-black-leather_13.jpg, http://localhost/wordpress/wp-content/uploads/2023/08/CHANEL-Shopping-Bag-in-black-leather_14.jpg, http://localhost/wordpress/wp-content/uploads/2023/08/CHANEL-Shopping-Bag-in-black-leather_15.jpg",,,,,,,,,0,BRAND,Chanel,1,1,CATEGORY,"Handbag, Shoulder bag",1,1,COLOR,Black,1,1,HARDWARE COLOR,Silver,1,1,MATTER,Leather,1,1,CONDITION,Good,1,1,SIZE,Very large,1,1,LIMITED EDITION,Non,1,1,YEAR OF PRODUCTION,Years 2010,1,1,default
1016,simple,A1016,CHANEL Single Flap Vintage bag in blue leather,1,0,visible,Condition Very good?\nInterior slightly stained\nScratches on the hardware,,,,taxable,,1,,,0,0,,,,,1,,,3597,HANDBAG,,,"http://localhost/wordpress/wp-content/uploads/2023/08/CHANEL-Single-Flap-Vintage-bag-in-blue-leather_01.jpg, http://localhost/wordpress/wp-content/uploads/2023/08/CHANEL-Single-Flap-Vintage-bag-in-blue-leather_02.jpg, http://localhost/wordpress/wp-content/uploads/2023/08/CHANEL-Single-Flap-Vintage-bag-in-blue-leather_03.jpg, http://localhost/wordpress/wp-content/uploads/2023/08/CHANEL-Single-Flap-Vintage-bag-in-blue-leather_04.jpg, http://localhost/wordpress/wp-content/uploads/2023/08/CHANEL-Single-Flap-Vintage-bag-in-blue-leather_05.jpg, http://localhost/wordpress/wp-content/uploads/2023/08/CHANEL-Single-Flap-Vintage-bag-in-blue-leather_06.jpg, http://localhost/wordpress/wp-content/uploads/2023/08/CHANEL-Single-Flap-Vintage-bag-in-blue-leather_07.jpg, http://localhost/wordpress/wp-content/uploads/2023/08/CHANEL-Single-Flap-Vintage-bag-in-blue-leather_08.jpg, http://localhost/wordpress/wp-content/uploads/2023/08/CHANEL-Single-Flap-Vintage-bag-in-blue-leather_09.jpg, http://localhost/wordpress/wp-content/uploads/2023/08/CHANEL-Single-Flap-Vintage-bag-in-blue-leather_10.jpg, http://localhost/wordpress/wp-content/uploads/2023/08/CHANEL-Single-Flap-Vintage-bag-in-blue-leather_11.jpg, http://localhost/wordpress/wp-content/uploads/2023/08/CHANEL-Single-Flap-Vintage-bag-in-blue-leather_12.jpg, http://localhost/wordpress/wp-content/uploads/2023/08/CHANEL-Single-Flap-Vintage-bag-in-blue-leather_13.jpg, http://localhost/wordpress/wp-content/uploads/2023/08/CHANEL-Single-Flap-Vintage-bag-in-blue-leather_14.jpg",,,,,,,,,0,BRAND,Chanel,1,1,CATEGORY,"Handbag, Shoulder bag",1,1,COLOR,Blue,1,1,HARDWARE COLOR,Silver,1,1,MATTER,Leather,1,1,CONDITION,Very good,1,1,SIZE,Average,1,1,LIMITED EDITION,Non,1,1,YEAR OF PRODUCTION,2000s,1,1,default
1017,simple,A1017,CHANEL Trendy CC bag in blue leather,1,0,visible,Condition Very good?\nA few scratches\nStains on the handle\nSome signs of wear on the leather,,,,taxable,,1,,,0,0,,,,,1,,,3624,HANDBAG,,,"http://localhost/wordpress/wp-content/uploads/2023/08/CHANEL-Trendy-CC-bag-in-blue-leather_01.jpg, http://localhost/wordpress/wp-content/uploads/2023/08/CHANEL-Trendy-CC-bag-in-blue-leather_02.jpg, http://localhost/wordpress/wp-content/uploads/2023/08/CHANEL-Trendy-CC-bag-in-blue-leather_03.jpg, http://localhost/wordpress/wp-content/uploads/2023/08/CHANEL-Trendy-CC-bag-in-blue-leather_04.jpg, http://localhost/wordpress/wp-content/uploads/2023/08/CHANEL-Trendy-CC-bag-in-blue-leather_05.jpg, http://localhost/wordpress/wp-content/uploads/2023/08/CHANEL-Trendy-CC-bag-in-blue-leather_06.jpg, http://localhost/wordpress/wp-content/uploads/2023/08/CHANEL-Trendy-CC-bag-in-blue-leather_07.jpg, http://localhost/wordpress/wp-content/uploads/2023/08/CHANEL-Trendy-CC-bag-in-blue-leather_08.jpg, http://localhost/wordpress/wp-content/uploads/2023/08/CHANEL-Trendy-CC-bag-in-blue-leather_09.jpg, http://localhost/wordpress/wp-content/uploads/2023/08/CHANEL-Trendy-CC-bag-in-blue-leather_10.jpg, http://localhost/wordpress/wp-content/uploads/2023/08/CHANEL-Trendy-CC-bag-in-blue-leather_11.jpg, http://localhost/wordpress/wp-content/uploads/2023/08/CHANEL-Trendy-CC-bag-in-blue-leather_12.jpg, http://localhost/wordpress/wp-content/uploads/2023/08/CHANEL-Trendy-CC-bag-in-blue-leather_13.jpg",,,,,,,,,0,BRAND,Chanel,1,1,CATEGORY,"Handbag, Shoulder bag",1,1,COLOR,Blue,1,1,HARDWARE COLOR,Golden,1,1,MATTER,Leather,1,1,CONDITION,Very good,1,1,SIZE,Average,1,1,LIMITED EDITION,Non,1,1,YEAR OF PRODUCTION,Years 2010,1,1,default
1018,simple,A1018,DIOR Lady Dior Medium Limited Edition bag in black leather,1,0,visible,Condition Very good?\nA few scratches\nStripes on the clasp,,,,taxable,,1,,,0,0,,,,,1,,,2646,HANDBAG,,,"http://localhost/wordpress/wp-content/uploads/2023/08/DIOR-Lady-Dior-Medium-Limited-Edition-bag-in-black-leather_01.jpg, http://localhost/wordpress/wp-content/uploads/2023/08/DIOR-Lady-Dior-Medium-Limited-Edition-bag-in-black-leather_02.jpg, http://localhost/wordpress/wp-content/uploads/2023/08/DIOR-Lady-Dior-Medium-Limited-Edition-bag-in-black-leather_03.jpg, http://localhost/wordpress/wp-content/uploads/2023/08/DIOR-Lady-Dior-Medium-Limited-Edition-bag-in-black-leather_04.jpg, http://localhost/wordpress/wp-content/uploads/2023/08/DIOR-Lady-Dior-Medium-Limited-Edition-bag-in-black-leather_05.jpg, http://localhost/wordpress/wp-content/uploads/2023/08/DIOR-Lady-Dior-Medium-Limited-Edition-bag-in-black-leather_06.jpg, http://localhost/wordpress/wp-content/uploads/2023/08/DIOR-Lady-Dior-Medium-Limited-Edition-bag-in-black-leather_07.jpg, http://localhost/wordpress/wp-content/uploads/2023/08/DIOR-Lady-Dior-Medium-Limited-Edition-bag-in-black-leather_08.jpg, http://localhost/wordpress/wp-content/uploads/2023/08/DIOR-Lady-Dior-Medium-Limited-Edition-bag-in-black-leather_09.jpg, http://localhost/wordpress/wp-content/uploads/2023/08/DIOR-Lady-Dior-Medium-Limited-Edition-bag-in-black-leather_10.jpg, http://localhost/wordpress/wp-content/uploads/2023/08/DIOR-Lady-Dior-Medium-Limited-Edition-bag-in-black-leather_11.jpg, http://localhost/wordpress/wp-content/uploads/2023/08/DIOR-Lady-Dior-Medium-Limited-Edition-bag-in-black-leather_12.jpg",,,,,,,,,0,BRAND,Dior,1,1,CATEGORY,"Handbag, Shoulder bag",1,1,COLOR,Black,1,1,HARDWARE COLOR,Silver,1,1,MATTER,Leather,1,1,CONDITION,Very good,1,1,SIZE,Average,1,1,LIMITED EDITION,Yes,1,1,YEAR OF PRODUCTION,Years 2010,1,1,default
1019,simple,A1019,DIOR Malice Vintage bag in black patent leather,1,0,visible,Condition Very good?\nA few scratches\nSmudge on the back of the bag\nSlightly deformed handles,,,,taxable,,1,,,0,0,,,,,1,,,1570,HANDBAG,,,"http://localhost/wordpress/wp-content/uploads/2023/08/DIOR-Malice-Vintage-bag-in-black-patent-leather_01.jpg, http://localhost/wordpress/wp-content/uploads/2023/08/DIOR-Malice-Vintage-bag-in-black-patent-leather_02.jpg, http://localhost/wordpress/wp-content/uploads/2023/08/DIOR-Malice-Vintage-bag-in-black-patent-leather_03.jpg, http://localhost/wordpress/wp-content/uploads/2023/08/DIOR-Malice-Vintage-bag-in-black-patent-leather_04.jpg, http://localhost/wordpress/wp-content/uploads/2023/08/DIOR-Malice-Vintage-bag-in-black-patent-leather_05.jpg, http://localhost/wordpress/wp-content/uploads/2023/08/DIOR-Malice-Vintage-bag-in-black-patent-leather_06.jpg, http://localhost/wordpress/wp-content/uploads/2023/08/DIOR-Malice-Vintage-bag-in-black-patent-leather_07.jpg, http://localhost/wordpress/wp-content/uploads/2023/08/DIOR-Malice-Vintage-bag-in-black-patent-leather_08.jpg, http://localhost/wordpress/wp-content/uploads/2023/08/DIOR-Malice-Vintage-bag-in-black-patent-leather_09.jpg, http://localhost/wordpress/wp-content/uploads/2023/08/DIOR-Malice-Vintage-bag-in-black-patent-leather_10.jpg, http://localhost/wordpress/wp-content/uploads/2023/08/DIOR-Malice-Vintage-bag-in-black-patent-leather_11.jpg, http://localhost/wordpress/wp-content/uploads/2023/08/DIOR-Malice-Vintage-bag-in-black-patent-leather_12.jpg, http://localhost/wordpress/wp-content/uploads/2023/08/DIOR-Malice-Vintage-bag-in-black-patent-leather_13.jpg, http://localhost/wordpress/wp-content/uploads/2023/08/DIOR-Malice-Vintage-bag-in-black-patent-leather_14.jpg",,,,,,,,,0,BRAND,Dior,1,1,CATEGORY,"Handbag, Shoulder bag",1,1,COLOR,Black,1,1,HARDWARE COLOR,Silver,1,1,MATTER,"Leather, Cuir verni",1,1,CONDITION,Very good,1,1,SIZE,Average,1,1,LIMITED EDITION,Non,1,1,YEAR OF PRODUCTION,1990s,1,1,default
1020,simple,A1020,DIOR Sac Lady Dior Medium Edition Limitée en cuir bleu,1,0,visible,Condition Very good?\nSlight wear to the handles\nA few scratches\nInterior slightly stained,,,,taxable,,1,,,0,0,,,,,1,,,2837,HANDBAG,,,"http://localhost/wordpress/wp-content/uploads/2023/08/DIOR-Sac-Lady-Dior-Medium-Edition-Limitée-en-cuir-bleu_01.jpg, http://localhost/wordpress/wp-content/uploads/2023/08/DIOR-Sac-Lady-Dior-Medium-Edition-Limitée-en-cuir-bleu_02.jpg, http://localhost/wordpress/wp-content/uploads/2023/08/DIOR-Sac-Lady-Dior-Medium-Edition-Limitée-en-cuir-bleu_03.jpg, http://localhost/wordpress/wp-content/uploads/2023/08/DIOR-Sac-Lady-Dior-Medium-Edition-Limitée-en-cuir-bleu_04.jpg, http://localhost/wordpress/wp-content/uploads/2023/08/DIOR-Sac-Lady-Dior-Medium-Edition-Limitée-en-cuir-bleu_05.jpg, http://localhost/wordpress/wp-content/uploads/2023/08/DIOR-Sac-Lady-Dior-Medium-Edition-Limitée-en-cuir-bleu_06.jpg, http://localhost/wordpress/wp-content/uploads/2023/08/DIOR-Sac-Lady-Dior-Medium-Edition-Limitée-en-cuir-bleu_07.jpg, http://localhost/wordpress/wp-content/uploads/2023/08/DIOR-Sac-Lady-Dior-Medium-Edition-Limitée-en-cuir-bleu_08.jpg, http://localhost/wordpress/wp-content/uploads/2023/08/DIOR-Sac-Lady-Dior-Medium-Edition-Limitée-en-cuir-bleu_09.jpg, http://localhost/wordpress/wp-content/uploads/2023/08/DIOR-Sac-Lady-Dior-Medium-Edition-Limitée-en-cuir-bleu_10.jpg, http://localhost/wordpress/wp-content/uploads/2023/08/DIOR-Sac-Lady-Dior-Medium-Edition-Limitée-en-cuir-bleu_11.jpg, http://localhost/wordpress/wp-content/uploads/2023/08/DIOR-Sac-Lady-Dior-Medium-Edition-Limitée-en-cuir-bleu_12.jpg, http://localhost/wordpress/wp-content/uploads/2023/08/DIOR-Sac-Lady-Dior-Medium-Edition-Limitée-en-cuir-bleu_13.jpg",,,,,,,,,0,BRAND,Dior,1,1,CATEGORY,"Handbag, Shoulder bag",1,1,COLOR,Blue,1,1,HARDWARE COLOR,Silver,1,1,MATTER,Leather,1,1,CONDITION,Very good,1,1,SIZE,Average,1,1,LIMITED EDITION,Yes,1,1,YEAR OF PRODUCTION,Years 2010,1,1,default
1021,simple,A1021,DIOR Sac Lady Dior Medium en cuir beige,1,0,visible,Condition Very good?\nSlight wear to the handles\nSome signs of wear on the leather,,,,taxable,,1,,,0,0,,,,,1,,,2646,HANDBAG,,,"http://localhost/wordpress/wp-content/uploads/2023/08/DIOR-Sac-Lady-Dior-Medium-en-cuir-beige_01.jpg, http://localhost/wordpress/wp-content/uploads/2023/08/DIOR-Sac-Lady-Dior-Medium-en-cuir-beige_02.jpg, http://localhost/wordpress/wp-content/uploads/2023/08/DIOR-Sac-Lady-Dior-Medium-en-cuir-beige_03.jpg, http://localhost/wordpress/wp-content/uploads/2023/08/DIOR-Sac-Lady-Dior-Medium-en-cuir-beige_04.jpg, http://localhost/wordpress/wp-content/uploads/2023/08/DIOR-Sac-Lady-Dior-Medium-en-cuir-beige_05.jpg, http://localhost/wordpress/wp-content/uploads/2023/08/DIOR-Sac-Lady-Dior-Medium-en-cuir-beige_06.jpg, http://localhost/wordpress/wp-content/uploads/2023/08/DIOR-Sac-Lady-Dior-Medium-en-cuir-beige_07.jpg, http://localhost/wordpress/wp-content/uploads/2023/08/DIOR-Sac-Lady-Dior-Medium-en-cuir-beige_08.jpg, http://localhost/wordpress/wp-content/uploads/2023/08/DIOR-Sac-Lady-Dior-Medium-en-cuir-beige_09.jpg, http://localhost/wordpress/wp-content/uploads/2023/08/DIOR-Sac-Lady-Dior-Medium-en-cuir-beige_10.jpg, http://localhost/wordpress/wp-content/uploads/2023/08/DIOR-Sac-Lady-Dior-Medium-en-cuir-beige_11.jpg, http://localhost/wordpress/wp-content/uploads/2023/08/DIOR-Sac-Lady-Dior-Medium-en-cuir-beige_12.jpg, http://localhost/wordpress/wp-content/uploads/2023/08/DIOR-Sac-Lady-Dior-Medium-en-cuir-beige_13.jpg",,,,,,,,,0,BRAND,Dior,1,1,CATEGORY,"Handbag, Shoulder bag",1,1,COLOR,Beige,1,1,HARDWARE COLOR,Silver,1,1,MATTER,Leather,1,1,CONDITION,Very good,1,1,SIZE,Average,1,1,LIMITED EDITION,Non,1,1,YEAR OF PRODUCTION,Years 2010,1,1,default
1022,simple,A1022,DIOR Sac Lady Dior Medium en cuir marron,1,0,visible,Condition Very good?\nCorners slightly damaged\nScratches on the hardware,,,,taxable,,1,,,0,0,,,,,1,,,2725,HANDBAG,,,"http://localhost/wordpress/wp-content/uploads/2023/08/DIOR-Sac-Lady-Dior-Medium-en-cuir-marron_01.jpg, http://localhost/wordpress/wp-content/uploads/2023/08/DIOR-Sac-Lady-Dior-Medium-en-cuir-marron_02.jpg, http://localhost/wordpress/wp-content/uploads/2023/08/DIOR-Sac-Lady-Dior-Medium-en-cuir-marron_03.jpg, http://localhost/wordpress/wp-content/uploads/2023/08/DIOR-Sac-Lady-Dior-Medium-en-cuir-marron_04.jpg, http://localhost/wordpress/wp-content/uploads/2023/08/DIOR-Sac-Lady-Dior-Medium-en-cuir-marron_05.jpg, http://localhost/wordpress/wp-content/uploads/2023/08/DIOR-Sac-Lady-Dior-Medium-en-cuir-marron_06.jpg, http://localhost/wordpress/wp-content/uploads/2023/08/DIOR-Sac-Lady-Dior-Medium-en-cuir-marron_07.jpg, http://localhost/wordpress/wp-content/uploads/2023/08/DIOR-Sac-Lady-Dior-Medium-en-cuir-marron_08.jpg, http://localhost/wordpress/wp-content/uploads/2023/08/DIOR-Sac-Lady-Dior-Medium-en-cuir-marron_09.jpg, http://localhost/wordpress/wp-content/uploads/2023/08/DIOR-Sac-Lady-Dior-Medium-en-cuir-marron_10.jpg, http://localhost/wordpress/wp-content/uploads/2023/08/DIOR-Sac-Lady-Dior-Medium-en-cuir-marron_11.jpg, http://localhost/wordpress/wp-content/uploads/2023/08/DIOR-Sac-Lady-Dior-Medium-en-cuir-marron_12.jpg, http://localhost/wordpress/wp-content/uploads/2023/08/DIOR-Sac-Lady-Dior-Medium-en-cuir-marron_13.jpg",,,,,,,,,0,BRAND,Dior,1,1,CATEGORY,"Handbag, Shoulder bag",1,1,COLOR,Chestnut,1,1,HARDWARE COLOR,Silver,1,1,MATTER,Leather,1,1,CONDITION,Very good,1,1,SIZE,Average,1,1,LIMITED EDITION,Non,1,1,YEAR OF PRODUCTION,Years 2010,1,1,default
1023,simple,A1023,FENDI Mamma Baguette bag in brown monogram canvas,1,0,visible,Condition Very good?\nSlight wear to the handles\nScratches on the hardware,,,,taxable,,1,,,0,0,,,,,1,,,1183,HANDBAG,,,"http://localhost/wordpress/wp-content/uploads/2023/08/FENDI-Mamma-Baguette-bag-in-brown-monogram-canvas_01.jpg, http://localhost/wordpress/wp-content/uploads/2023/08/FENDI-Mamma-Baguette-bag-in-brown-monogram-canvas_02.jpg, http://localhost/wordpress/wp-content/uploads/2023/08/FENDI-Mamma-Baguette-bag-in-brown-monogram-canvas_03.jpg, http://localhost/wordpress/wp-content/uploads/2023/08/FENDI-Mamma-Baguette-bag-in-brown-monogram-canvas_04.jpg, http://localhost/wordpress/wp-content/uploads/2023/08/FENDI-Mamma-Baguette-bag-in-brown-monogram-canvas_05.jpg, http://localhost/wordpress/wp-content/uploads/2023/08/FENDI-Mamma-Baguette-bag-in-brown-monogram-canvas_06.jpg, http://localhost/wordpress/wp-content/uploads/2023/08/FENDI-Mamma-Baguette-bag-in-brown-monogram-canvas_07.jpg, http://localhost/wordpress/wp-content/uploads/2023/08/FENDI-Mamma-Baguette-bag-in-brown-monogram-canvas_08.jpg, http://localhost/wordpress/wp-content/uploads/2023/08/FENDI-Mamma-Baguette-bag-in-brown-monogram-canvas_09.jpg, http://localhost/wordpress/wp-content/uploads/2023/08/FENDI-Mamma-Baguette-bag-in-brown-monogram-canvas_10.jpg, http://localhost/wordpress/wp-content/uploads/2023/08/FENDI-Mamma-Baguette-bag-in-brown-monogram-canvas_11.jpg, http://localhost/wordpress/wp-content/uploads/2023/08/FENDI-Mamma-Baguette-bag-in-brown-monogram-canvas_12.jpg, http://localhost/wordpress/wp-content/uploads/2023/08/FENDI-Mamma-Baguette-bag-in-brown-monogram-canvas_13.jpg, http://localhost/wordpress/wp-content/uploads/2023/08/FENDI-Mamma-Baguette-bag-in-brown-monogram-canvas_14.jpg",,,,,,,,,0,BRAND,Fendi,1,1,CATEGORY,"Handbag, Shoulder bag",1,1,COLOR,Chestnut,1,1,HARDWARE COLOR,Silver,1,1,MATTER,"Cloth, Monogram canvas",1,1,CONDITION,Very good,1,1,SIZE,Little,1,1,LIMITED EDITION,Non,1,1,YEAR OF PRODUCTION,,1,1,default
1024,simple,A1024,FENDI Mamma Baguette Zucchino Vintage canvas monogram brown,1,0,visible,Condition Very good?\nCorners slightly damaged\nStripes on the clasp\nA few scratches\nSlight wear on the outside,,,,taxable,,1,,,0,0,,,,,1,,,1211,HANDBAG,,,"http://localhost/wordpress/wp-content/uploads/2023/08/FENDI-Mamma-Baguette-Zucchino-Vintage-canvas-monogram-brown_01.jpg, http://localhost/wordpress/wp-content/uploads/2023/08/FENDI-Mamma-Baguette-Zucchino-Vintage-canvas-monogram-brown_02.jpg, http://localhost/wordpress/wp-content/uploads/2023/08/FENDI-Mamma-Baguette-Zucchino-Vintage-canvas-monogram-brown_03.jpg, http://localhost/wordpress/wp-content/uploads/2023/08/FENDI-Mamma-Baguette-Zucchino-Vintage-canvas-monogram-brown_04.jpg, http://localhost/wordpress/wp-content/uploads/2023/08/FENDI-Mamma-Baguette-Zucchino-Vintage-canvas-monogram-brown_05.jpg, http://localhost/wordpress/wp-content/uploads/2023/08/FENDI-Mamma-Baguette-Zucchino-Vintage-canvas-monogram-brown_06.jpg, http://localhost/wordpress/wp-content/uploads/2023/08/FENDI-Mamma-Baguette-Zucchino-Vintage-canvas-monogram-brown_07.jpg, http://localhost/wordpress/wp-content/uploads/2023/08/FENDI-Mamma-Baguette-Zucchino-Vintage-canvas-monogram-brown_08.jpg, http://localhost/wordpress/wp-content/uploads/2023/08/FENDI-Mamma-Baguette-Zucchino-Vintage-canvas-monogram-brown_09.jpg, http://localhost/wordpress/wp-content/uploads/2023/08/FENDI-Mamma-Baguette-Zucchino-Vintage-canvas-monogram-brown_10.jpg, http://localhost/wordpress/wp-content/uploads/2023/08/FENDI-Mamma-Baguette-Zucchino-Vintage-canvas-monogram-brown_11.jpg, http://localhost/wordpress/wp-content/uploads/2023/08/FENDI-Mamma-Baguette-Zucchino-Vintage-canvas-monogram-brown_12.jpg, http://localhost/wordpress/wp-content/uploads/2023/08/FENDI-Mamma-Baguette-Zucchino-Vintage-canvas-monogram-brown_13.jpg, http://localhost/wordpress/wp-content/uploads/2023/08/FENDI-Mamma-Baguette-Zucchino-Vintage-canvas-monogram-brown_14.jpg",,,,,,,,,0,BRAND,Fendi,1,1,CATEGORY,"Handbag, Shoulder bag",1,1,COLOR,Chestnut,1,1,HARDWARE COLOR,Silver,1,1,MATTER,"Cloth, Monogram canvas",1,1,CONDITION,Very good,1,1,SIZE,Average,1,1,LIMITED EDITION,Non,1,1,YEAR OF PRODUCTION,,1,1,default
1025,simple,A1025,GUCCI Bag Boston GG Supreme Edition Remember in brown monogram canvas,1,0,visible,Condition Very good?\nCorners slightly damaged\nSlight wear to the handles\nInterior slightly stained,,,,taxable,,1,,,0,0,,,,,1,,,1202,HANDBAG,,,"http://localhost/wordpress/wp-content/uploads/2023/08/GUCCI-Bag-Boston-GG-Supreme-Edition-Remember-in-brown-monogram-canvas_01.jpg, http://localhost/wordpress/wp-content/uploads/2023/08/GUCCI-Bag-Boston-GG-Supreme-Edition-Remember-in-brown-monogram-canvas_02.jpg, http://localhost/wordpress/wp-content/uploads/2023/08/GUCCI-Bag-Boston-GG-Supreme-Edition-Remember-in-brown-monogram-canvas_03.jpg, http://localhost/wordpress/wp-content/uploads/2023/08/GUCCI-Bag-Boston-GG-Supreme-Edition-Remember-in-brown-monogram-canvas_04.jpg, http://localhost/wordpress/wp-content/uploads/2023/08/GUCCI-Bag-Boston-GG-Supreme-Edition-Remember-in-brown-monogram-canvas_05.jpg, http://localhost/wordpress/wp-content/uploads/2023/08/GUCCI-Bag-Boston-GG-Supreme-Edition-Remember-in-brown-monogram-canvas_06.jpg, http://localhost/wordpress/wp-content/uploads/2023/08/GUCCI-Bag-Boston-GG-Supreme-Edition-Remember-in-brown-monogram-canvas_07.jpg, http://localhost/wordpress/wp-content/uploads/2023/08/GUCCI-Bag-Boston-GG-Supreme-Edition-Remember-in-brown-monogram-canvas_08.jpg, http://localhost/wordpress/wp-content/uploads/2023/08/GUCCI-Bag-Boston-GG-Supreme-Edition-Remember-in-brown-monogram-canvas_09.jpg, http://localhost/wordpress/wp-content/uploads/2023/08/GUCCI-Bag-Boston-GG-Supreme-Edition-Remember-in-brown-monogram-canvas_10.jpg, http://localhost/wordpress/wp-content/uploads/2023/08/GUCCI-Bag-Boston-GG-Supreme-Edition-Remember-in-brown-monogram-canvas_11.jpg, http://localhost/wordpress/wp-content/uploads/2023/08/GUCCI-Bag-Boston-GG-Supreme-Edition-Remember-in-brown-monogram-canvas_12.jpg, http://localhost/wordpress/wp-content/uploads/2023/08/GUCCI-Bag-Boston-GG-Supreme-Edition-Remember-in-brown-monogram-canvas_13.jpg, http://localhost/wordpress/wp-content/uploads/2023/08/GUCCI-Bag-Boston-GG-Supreme-Edition-Remember-in-brown-monogram-canvas_14.jpg",,,,,,,,,0,BRAND,Gucci,1,1,CATEGORY,"Handbag, Shoulder bag",1,1,COLOR,Chestnut,1,1,HARDWARE COLOR,Golden,1,1,MATTER,"Cloth, Monogram canvas",1,1,CONDITION,Very good,1,1,SIZE,Average,1,1,LIMITED EDITION,Yes,1,1,YEAR OF PRODUCTION,,1,1,default
1026,simple,A1026,GUCCI Marmont Tote bag in pink leather,1,0,visible,Condition excellent?\nSlightly marked leather,,,,taxable,,1,,,0,0,,,,,1,,,1594,HANDBAG,,,"http://localhost/wordpress/wp-content/uploads/2023/08/GUCCI-Marmont-Tote-bag-in-pink-leather_01.jpg, http://localhost/wordpress/wp-content/uploads/2023/08/GUCCI-Marmont-Tote-bag-in-pink-leather_02.jpg, http://localhost/wordpress/wp-content/uploads/2023/08/GUCCI-Marmont-Tote-bag-in-pink-leather_03.jpg, http://localhost/wordpress/wp-content/uploads/2023/08/GUCCI-Marmont-Tote-bag-in-pink-leather_04.jpg, http://localhost/wordpress/wp-content/uploads/2023/08/GUCCI-Marmont-Tote-bag-in-pink-leather_05.jpg, http://localhost/wordpress/wp-content/uploads/2023/08/GUCCI-Marmont-Tote-bag-in-pink-leather_06.jpg, http://localhost/wordpress/wp-content/uploads/2023/08/GUCCI-Marmont-Tote-bag-in-pink-leather_07.jpg, http://localhost/wordpress/wp-content/uploads/2023/08/GUCCI-Marmont-Tote-bag-in-pink-leather_08.jpg, http://localhost/wordpress/wp-content/uploads/2023/08/GUCCI-Marmont-Tote-bag-in-pink-leather_09.jpg, http://localhost/wordpress/wp-content/uploads/2023/08/GUCCI-Marmont-Tote-bag-in-pink-leather_10.jpg, http://localhost/wordpress/wp-content/uploads/2023/08/GUCCI-Marmont-Tote-bag-in-pink-leather_11.jpg, http://localhost/wordpress/wp-content/uploads/2023/08/GUCCI-Marmont-Tote-bag-in-pink-leather_12.jpg, http://localhost/wordpress/wp-content/uploads/2023/08/GUCCI-Marmont-Tote-bag-in-pink-leather_13.jpg, http://localhost/wordpress/wp-content/uploads/2023/08/GUCCI-Marmont-Tote-bag-in-pink-leather_14.jpg",,,,,,,,,0,BRAND,Gucci,1,1,CATEGORY,"Handbag, Shoulder bag",1,1,COLOR,Pink,1,1,HARDWARE COLOR,Golden,1,1,MATTER,Leather,1,1,CONDITION,Excellent,1,1,SIZE,Average,1,1,LIMITED EDITION,Non,1,1,YEAR OF PRODUCTION,,1,1,default
1027,simple,A1027,HERMES Birkin 35 bag in blue leather,1,0,visible,Condition Very good?\nA few scratches\nInterior slightly stained,,,,taxable,,1,,,0,0,,,,,1,,,10205,HANDBAG,,,"http://localhost/wordpress/wp-content/uploads/2023/08/HERMES-Birkin-35-bag-in-blue-leather_01.jpg, http://localhost/wordpress/wp-content/uploads/2023/08/HERMES-Birkin-35-bag-in-blue-leather_02.jpg, http://localhost/wordpress/wp-content/uploads/2023/08/HERMES-Birkin-35-bag-in-blue-leather_03.jpg, http://localhost/wordpress/wp-content/uploads/2023/08/HERMES-Birkin-35-bag-in-blue-leather_04.jpg, http://localhost/wordpress/wp-content/uploads/2023/08/HERMES-Birkin-35-bag-in-blue-leather_05.jpg, http://localhost/wordpress/wp-content/uploads/2023/08/HERMES-Birkin-35-bag-in-blue-leather_06.jpg, http://localhost/wordpress/wp-content/uploads/2023/08/HERMES-Birkin-35-bag-in-blue-leather_07.jpg, http://localhost/wordpress/wp-content/uploads/2023/08/HERMES-Birkin-35-bag-in-blue-leather_08.jpg, http://localhost/wordpress/wp-content/uploads/2023/08/HERMES-Birkin-35-bag-in-blue-leather_09.jpg, http://localhost/wordpress/wp-content/uploads/2023/08/HERMES-Birkin-35-bag-in-blue-leather_10.jpg, http://localhost/wordpress/wp-content/uploads/2023/08/HERMES-Birkin-35-bag-in-blue-leather_11.jpg, http://localhost/wordpress/wp-content/uploads/2023/08/HERMES-Birkin-35-bag-in-blue-leather_12.jpg, http://localhost/wordpress/wp-content/uploads/2023/08/HERMES-Birkin-35-bag-in-blue-leather_13.jpg, http://localhost/wordpress/wp-content/uploads/2023/08/HERMES-Birkin-35-bag-in-blue-leather_14.jpg",,,,,,,,,0,BRAND,Hermes,1,1,CATEGORY,"Handbag, Shoulder bag",1,1,COLOR,Blue,1,1,HARDWARE COLOR,Silver,1,1,MATTER,Leather,1,1,CONDITION,Very good,1,1,SIZE,Grand,1,1,LIMITED EDITION,Non,1,1,YEAR OF PRODUCTION,Years 2010,1,1,default
1028,simple,A1028,HERMES Birkin 35 bag in burgundy leather,1,0,visible,Condition Very good?\nSome signs of wear on the leather\nScratches on the hardware,,,,taxable,,1,,,0,0,,,,,1,,,10788,HANDBAG,,,"http://localhost/wordpress/wp-content/uploads/2023/08/HERMES-Birkin-35-bag-in-burgundy-leather_01.jpg, http://localhost/wordpress/wp-content/uploads/2023/08/HERMES-Birkin-35-bag-in-burgundy-leather_02.jpg, http://localhost/wordpress/wp-content/uploads/2023/08/HERMES-Birkin-35-bag-in-burgundy-leather_03.jpg, http://localhost/wordpress/wp-content/uploads/2023/08/HERMES-Birkin-35-bag-in-burgundy-leather_04.jpg, http://localhost/wordpress/wp-content/uploads/2023/08/HERMES-Birkin-35-bag-in-burgundy-leather_05.jpg, http://localhost/wordpress/wp-content/uploads/2023/08/HERMES-Birkin-35-bag-in-burgundy-leather_06.jpg, http://localhost/wordpress/wp-content/uploads/2023/08/HERMES-Birkin-35-bag-in-burgundy-leather_07.jpg, http://localhost/wordpress/wp-content/uploads/2023/08/HERMES-Birkin-35-bag-in-burgundy-leather_08.jpg, http://localhost/wordpress/wp-content/uploads/2023/08/HERMES-Birkin-35-bag-in-burgundy-leather_09.jpg, http://localhost/wordpress/wp-content/uploads/2023/08/HERMES-Birkin-35-bag-in-burgundy-leather_10.jpg, http://localhost/wordpress/wp-content/uploads/2023/08/HERMES-Birkin-35-bag-in-burgundy-leather_11.jpg",,,,,,,,,0,BRAND,Hermes,1,1,CATEGORY,Handbag,1,1,COLOR,Burgundy,1,1,HARDWARE COLOR,Silver,1,1,MATTER,Leather,1,1,CONDITION,Very good,1,1,SIZE,Grand,1,1,LIMITED EDITION,Non,1,1,YEAR OF PRODUCTION,Years 2010,1,1,default
1029,simple,A1029,LOUIS VUITTON Alma BB bag in red epi leather,1,0,visible,Condition Very good?\nCorners slightly damaged\nSlight wear to the handles\nSlightly marked leather,,,,taxable,,1,,,0,0,,,,,1,,,928,HANDBAG,,,"http://localhost/wordpress/wp-content/uploads/2023/08/LOUIS-VUITTON-Alma-BB-bag-in-red-epi-leather_01.jpg, http://localhost/wordpress/wp-content/uploads/2023/08/LOUIS-VUITTON-Alma-BB-bag-in-red-epi-leather_02.jpg, http://localhost/wordpress/wp-content/uploads/2023/08/LOUIS-VUITTON-Alma-BB-bag-in-red-epi-leather_03.jpg, http://localhost/wordpress/wp-content/uploads/2023/08/LOUIS-VUITTON-Alma-BB-bag-in-red-epi-leather_04.jpg, http://localhost/wordpress/wp-content/uploads/2023/08/LOUIS-VUITTON-Alma-BB-bag-in-red-epi-leather_05.jpg, http://localhost/wordpress/wp-content/uploads/2023/08/LOUIS-VUITTON-Alma-BB-bag-in-red-epi-leather_06.jpg, http://localhost/wordpress/wp-content/uploads/2023/08/LOUIS-VUITTON-Alma-BB-bag-in-red-epi-leather_07.jpg, http://localhost/wordpress/wp-content/uploads/2023/08/LOUIS-VUITTON-Alma-BB-bag-in-red-epi-leather_08.jpg, http://localhost/wordpress/wp-content/uploads/2023/08/LOUIS-VUITTON-Alma-BB-bag-in-red-epi-leather_09.jpg, http://localhost/wordpress/wp-content/uploads/2023/08/LOUIS-VUITTON-Alma-BB-bag-in-red-epi-leather_10.jpg, http://localhost/wordpress/wp-content/uploads/2023/08/LOUIS-VUITTON-Alma-BB-bag-in-red-epi-leather_11.jpg, http://localhost/wordpress/wp-content/uploads/2023/08/LOUIS-VUITTON-Alma-BB-bag-in-red-epi-leather_12.jpg, http://localhost/wordpress/wp-content/uploads/2023/08/LOUIS-VUITTON-Alma-BB-bag-in-red-epi-leather_13.jpg",,,,,,,,,0,BRAND,Louis Vuitton,1,1,CATEGORY,"Handbag, Shoulder bag",1,1,COLOR,Red,1,1,HARDWARE COLOR,Silver,1,1,MATTER,"Leather, Epi leather",1,1,CONDITION,Very good,1,1,SIZE,Average,1,1,LIMITED EDITION,Non,1,1,YEAR OF PRODUCTION,Years 2010,1,1,default
1030,simple,A1030,LOUIS VUITTON Alma BB Edition Totem bag in brown monogram canvas,1,0,visible,Condition Very good?\nWear on the zipper\nSome signs of wear on the leather,,,,taxable,,1,,,0,0,,,,,1,,,1471,HANDBAG,,,"http://localhost/wordpress/wp-content/uploads/2023/08/LOUIS-VUITTON-Alma-BB-Edition-Totem-bag-in-brown-monogram-canvas_01.jpg, http://localhost/wordpress/wp-content/uploads/2023/08/LOUIS-VUITTON-Alma-BB-Edition-Totem-bag-in-brown-monogram-canvas_02.jpg, http://localhost/wordpress/wp-content/uploads/2023/08/LOUIS-VUITTON-Alma-BB-Edition-Totem-bag-in-brown-monogram-canvas_03.jpg, http://localhost/wordpress/wp-content/uploads/2023/08/LOUIS-VUITTON-Alma-BB-Edition-Totem-bag-in-brown-monogram-canvas_04.jpg, http://localhost/wordpress/wp-content/uploads/2023/08/LOUIS-VUITTON-Alma-BB-Edition-Totem-bag-in-brown-monogram-canvas_05.jpg, http://localhost/wordpress/wp-content/uploads/2023/08/LOUIS-VUITTON-Alma-BB-Edition-Totem-bag-in-brown-monogram-canvas_06.jpg, http://localhost/wordpress/wp-content/uploads/2023/08/LOUIS-VUITTON-Alma-BB-Edition-Totem-bag-in-brown-monogram-canvas_07.jpg, http://localhost/wordpress/wp-content/uploads/2023/08/LOUIS-VUITTON-Alma-BB-Edition-Totem-bag-in-brown-monogram-canvas_08.jpg, http://localhost/wordpress/wp-content/uploads/2023/08/LOUIS-VUITTON-Alma-BB-Edition-Totem-bag-in-brown-monogram-canvas_09.jpg, http://localhost/wordpress/wp-content/uploads/2023/08/LOUIS-VUITTON-Alma-BB-Edition-Totem-bag-in-brown-monogram-canvas_10.jpg, http://localhost/wordpress/wp-content/uploads/2023/08/LOUIS-VUITTON-Alma-BB-Edition-Totem-bag-in-brown-monogram-canvas_11.jpg, http://localhost/wordpress/wp-content/uploads/2023/08/LOUIS-VUITTON-Alma-BB-Edition-Totem-bag-in-brown-monogram-canvas_12.jpg, http://localhost/wordpress/wp-content/uploads/2023/08/LOUIS-VUITTON-Alma-BB-Edition-Totem-bag-in-brown-monogram-canvas_13.jpg, http://localhost/wordpress/wp-content/uploads/2023/08/LOUIS-VUITTON-Alma-BB-Edition-Totem-bag-in-brown-monogram-canvas_14.jpg",,,,,,,,,0,BRAND,Louis Vuitton,1,1,CATEGORY,"Handbag, Shoulder bag",1,1,COLOR,Chestnut,1,1,HARDWARE COLOR,Golden,1,1,MATTER,"Cloth, Monogram canvas",1,1,CONDITION,Very good,1,1,SIZE,Average,1,1,LIMITED EDITION,Yes,1,1,YEAR OF PRODUCTION,Years 2010,1,1,default
1031,simple,A1031,LOUIS VUITTON Babylon bag in blue leather,1,0,visible,Condition Very good?\nSome signs of wear on the leather,,,,taxable,,1,,,0,0,,,,,1,,,2725,HANDBAG,,,"http://localhost/wordpress/wp-content/uploads/2023/08/LOUIS-VUITTON-Babylon-bag-in-blue-leather_01.jpg, http://localhost/wordpress/wp-content/uploads/2023/08/LOUIS-VUITTON-Babylon-bag-in-blue-leather_02.jpg, http://localhost/wordpress/wp-content/uploads/2023/08/LOUIS-VUITTON-Babylon-bag-in-blue-leather_03.jpg, http://localhost/wordpress/wp-content/uploads/2023/08/LOUIS-VUITTON-Babylon-bag-in-blue-leather_04.jpg, http://localhost/wordpress/wp-content/uploads/2023/08/LOUIS-VUITTON-Babylon-bag-in-blue-leather_05.jpg, http://localhost/wordpress/wp-content/uploads/2023/08/LOUIS-VUITTON-Babylon-bag-in-blue-leather_06.jpg, http://localhost/wordpress/wp-content/uploads/2023/08/LOUIS-VUITTON-Babylon-bag-in-blue-leather_07.jpg, http://localhost/wordpress/wp-content/uploads/2023/08/LOUIS-VUITTON-Babylon-bag-in-blue-leather_08.jpg, http://localhost/wordpress/wp-content/uploads/2023/08/LOUIS-VUITTON-Babylon-bag-in-blue-leather_09.jpg, http://localhost/wordpress/wp-content/uploads/2023/08/LOUIS-VUITTON-Babylon-bag-in-blue-leather_10.jpg, http://localhost/wordpress/wp-content/uploads/2023/08/LOUIS-VUITTON-Babylon-bag-in-blue-leather_11.jpg",,,,,,,,,0,BRAND,Louis Vuitton,1,1,CATEGORY,"Handbag, Shoulder bag",1,1,COLOR,Blue,1,1,HARDWARE COLOR,Silver,1,1,MATTER,Leather,1,1,CONDITION,Very good,1,1,SIZE,Little,1,1,LIMITED EDITION,Non,1,1,YEAR OF PRODUCTION,Years 2010,1,1,default
1032,simple,A1032,LOUIS VUITTON Bag Ursula Vintage Edition Murakami in white multicolored monogram canvas,1,0,visible,Condition Good?\nA slightly damaged corner\nWear to the handles\nInterior slightly stained\nSome stains outside,,,,taxable,,1,,,0,0,,,,,1,,,1558,HANDBAG,,,"http://localhost/wordpress/wp-content/uploads/2023/08/LOUIS-VUITTON-Bag-Ursula-Vintage-Edition-Murakami-in-white-multicolored-monogram-canvas_01.jpg, http://localhost/wordpress/wp-content/uploads/2023/08/LOUIS-VUITTON-Bag-Ursula-Vintage-Edition-Murakami-in-white-multicolored-monogram-canvas_02.jpg, http://localhost/wordpress/wp-content/uploads/2023/08/LOUIS-VUITTON-Bag-Ursula-Vintage-Edition-Murakami-in-white-multicolored-monogram-canvas_03.jpg, http://localhost/wordpress/wp-content/uploads/2023/08/LOUIS-VUITTON-Bag-Ursula-Vintage-Edition-Murakami-in-white-multicolored-monogram-canvas_04.jpg, http://localhost/wordpress/wp-content/uploads/2023/08/LOUIS-VUITTON-Bag-Ursula-Vintage-Edition-Murakami-in-white-multicolored-monogram-canvas_05.jpg, http://localhost/wordpress/wp-content/uploads/2023/08/LOUIS-VUITTON-Bag-Ursula-Vintage-Edition-Murakami-in-white-multicolored-monogram-canvas_06.jpg, http://localhost/wordpress/wp-content/uploads/2023/08/LOUIS-VUITTON-Bag-Ursula-Vintage-Edition-Murakami-in-white-multicolored-monogram-canvas_07.jpg, http://localhost/wordpress/wp-content/uploads/2023/08/LOUIS-VUITTON-Bag-Ursula-Vintage-Edition-Murakami-in-white-multicolored-monogram-canvas_08.jpg, http://localhost/wordpress/wp-content/uploads/2023/08/LOUIS-VUITTON-Bag-Ursula-Vintage-Edition-Murakami-in-white-multicolored-monogram-canvas_09.jpg, http://localhost/wordpress/wp-content/uploads/2023/08/LOUIS-VUITTON-Bag-Ursula-Vintage-Edition-Murakami-in-white-multicolored-monogram-canvas_10.jpg, http://localhost/wordpress/wp-content/uploads/2023/08/LOUIS-VUITTON-Bag-Ursula-Vintage-Edition-Murakami-in-white-multicolored-monogram-canvas_11.jpg, http://localhost/wordpress/wp-content/uploads/2023/08/LOUIS-VUITTON-Bag-Ursula-Vintage-Edition-Murakami-in-white-multicolored-monogram-canvas_12.jpg, http://localhost/wordpress/wp-content/uploads/2023/08/LOUIS-VUITTON-Bag-Ursula-Vintage-Edition-Murakami-in-white-multicolored-monogram-canvas_13.jpg, http://localhost/wordpress/wp-content/uploads/2023/08/LOUIS-VUITTON-Bag-Ursula-Vintage-Edition-Murakami-in-white-multicolored-monogram-canvas_14.jpg",,,,,,,,,0,BRAND,Louis Vuitton,1,1,CATEGORY,"Handbag, Shoulder bag",1,1,COLOR,Multicolored,1,1,HARDWARE COLOR,Golden,1,1,MATTER,"Cloth, Monogram canvas",1,1,CONDITION,Good,1,1,SIZE,Very large,1,1,LIMITED EDITION,Yes,1,1,YEAR OF PRODUCTION,2000s,1,1,default
1033,simple,A1033,LOUIS VUITTON Capucines bag in black leather,1,0,visible,Condition Very good?\nCorners slightly damaged\nSlight wear on the outside,,,,taxable,,1,,,0,0,,,,,1,,,2872,HANDBAG,,,"http://localhost/wordpress/wp-content/uploads/2023/08/LOUIS-VUITTON-Capucines-bag-in-black-leather_01.jpg, http://localhost/wordpress/wp-content/uploads/2023/08/LOUIS-VUITTON-Capucines-bag-in-black-leather_02.jpg, http://localhost/wordpress/wp-content/uploads/2023/08/LOUIS-VUITTON-Capucines-bag-in-black-leather_03.jpg, http://localhost/wordpress/wp-content/uploads/2023/08/LOUIS-VUITTON-Capucines-bag-in-black-leather_04.jpg, http://localhost/wordpress/wp-content/uploads/2023/08/LOUIS-VUITTON-Capucines-bag-in-black-leather_05.jpg, http://localhost/wordpress/wp-content/uploads/2023/08/LOUIS-VUITTON-Capucines-bag-in-black-leather_06.jpg, http://localhost/wordpress/wp-content/uploads/2023/08/LOUIS-VUITTON-Capucines-bag-in-black-leather_07.jpg, http://localhost/wordpress/wp-content/uploads/2023/08/LOUIS-VUITTON-Capucines-bag-in-black-leather_08.jpg, http://localhost/wordpress/wp-content/uploads/2023/08/LOUIS-VUITTON-Capucines-bag-in-black-leather_09.jpg, http://localhost/wordpress/wp-content/uploads/2023/08/LOUIS-VUITTON-Capucines-bag-in-black-leather_10.jpg, http://localhost/wordpress/wp-content/uploads/2023/08/LOUIS-VUITTON-Capucines-bag-in-black-leather_11.jpg, http://localhost/wordpress/wp-content/uploads/2023/08/LOUIS-VUITTON-Capucines-bag-in-black-leather_12.jpg",,,,,,,,,0,BRAND,Louis Vuitton,1,1,CATEGORY,"Handbag, Shoulder bag",1,1,COLOR,Black,1,1,HARDWARE COLOR,Golden,1,1,MATTER,Leather,1,1,CONDITION,Very good,1,1,SIZE,Grand,1,1,LIMITED EDITION,Non,1,1,YEAR OF PRODUCTION,Years 2010,1,1,default
1034,simple,A1034,LOUIS VUITTON City Steamer PM bag in red leather,1,0,visible,Condition Very good?\nSlightly marked leather\nA slightly damaged corner\nSmall scratch at the bottom of the bag,,,,taxable,,1,,,0,0,,,,,1,,,1624,HANDBAG,,,"http://localhost/wordpress/wp-content/uploads/2023/08/LOUIS-VUITTON-City-Steamer-PM-bag-in-red-leather_01.jpg, http://localhost/wordpress/wp-content/uploads/2023/08/LOUIS-VUITTON-City-Steamer-PM-bag-in-red-leather_02.jpg, http://localhost/wordpress/wp-content/uploads/2023/08/LOUIS-VUITTON-City-Steamer-PM-bag-in-red-leather_03.jpg, http://localhost/wordpress/wp-content/uploads/2023/08/LOUIS-VUITTON-City-Steamer-PM-bag-in-red-leather_04.jpg, http://localhost/wordpress/wp-content/uploads/2023/08/LOUIS-VUITTON-City-Steamer-PM-bag-in-red-leather_05.jpg, http://localhost/wordpress/wp-content/uploads/2023/08/LOUIS-VUITTON-City-Steamer-PM-bag-in-red-leather_06.jpg, http://localhost/wordpress/wp-content/uploads/2023/08/LOUIS-VUITTON-City-Steamer-PM-bag-in-red-leather_07.jpg, http://localhost/wordpress/wp-content/uploads/2023/08/LOUIS-VUITTON-City-Steamer-PM-bag-in-red-leather_08.jpg, http://localhost/wordpress/wp-content/uploads/2023/08/LOUIS-VUITTON-City-Steamer-PM-bag-in-red-leather_09.jpg, http://localhost/wordpress/wp-content/uploads/2023/08/LOUIS-VUITTON-City-Steamer-PM-bag-in-red-leather_10.jpg, http://localhost/wordpress/wp-content/uploads/2023/08/LOUIS-VUITTON-City-Steamer-PM-bag-in-red-leather_11.jpg, http://localhost/wordpress/wp-content/uploads/2023/08/LOUIS-VUITTON-City-Steamer-PM-bag-in-red-leather_12.jpg, http://localhost/wordpress/wp-content/uploads/2023/08/LOUIS-VUITTON-City-Steamer-PM-bag-in-red-leather_13.jpg, http://localhost/wordpress/wp-content/uploads/2023/08/LOUIS-VUITTON-City-Steamer-PM-bag-in-red-leather_14.jpg",,,,,,,,,0,BRAND,Louis Vuitton,1,1,CATEGORY,"Handbag, Shoulder bag",1,1,COLOR,Red,1,1,HARDWARE COLOR,Silver,1,1,MATTER,Leather,1,1,CONDITION,Very good,1,1,SIZE,Average,1,1,LIMITED EDITION,Non,1,1,YEAR OF PRODUCTION,Years 2010,1,1,default
1035,simple,A1035,LOUIS VUITTON Milla MM bag in blue leather,1,0,visible,Condition Very good?\nCorners slightly damaged,,,,taxable,,1,,,0,0,,,,,1,,,2436,HANDBAG,,,"http://localhost/wordpress/wp-content/uploads/2023/08/LOUIS-VUITTON-Milla-MM-bag-in-blue-leather_01.jpg, http://localhost/wordpress/wp-content/uploads/2023/08/LOUIS-VUITTON-Milla-MM-bag-in-blue-leather_02.jpg, http://localhost/wordpress/wp-content/uploads/2023/08/LOUIS-VUITTON-Milla-MM-bag-in-blue-leather_03.jpg, http://localhost/wordpress/wp-content/uploads/2023/08/LOUIS-VUITTON-Milla-MM-bag-in-blue-leather_04.jpg, http://localhost/wordpress/wp-content/uploads/2023/08/LOUIS-VUITTON-Milla-MM-bag-in-blue-leather_05.jpg, http://localhost/wordpress/wp-content/uploads/2023/08/LOUIS-VUITTON-Milla-MM-bag-in-blue-leather_06.jpg, http://localhost/wordpress/wp-content/uploads/2023/08/LOUIS-VUITTON-Milla-MM-bag-in-blue-leather_07.jpg, http://localhost/wordpress/wp-content/uploads/2023/08/LOUIS-VUITTON-Milla-MM-bag-in-blue-leather_08.jpg, http://localhost/wordpress/wp-content/uploads/2023/08/LOUIS-VUITTON-Milla-MM-bag-in-blue-leather_09.jpg, http://localhost/wordpress/wp-content/uploads/2023/08/LOUIS-VUITTON-Milla-MM-bag-in-blue-leather_10.jpg, http://localhost/wordpress/wp-content/uploads/2023/08/LOUIS-VUITTON-Milla-MM-bag-in-blue-leather_11.jpg, http://localhost/wordpress/wp-content/uploads/2023/08/LOUIS-VUITTON-Milla-MM-bag-in-blue-leather_12.jpg, http://localhost/wordpress/wp-content/uploads/2023/08/LOUIS-VUITTON-Milla-MM-bag-in-blue-leather_13.jpg",,,,,,,,,0,BRAND,Louis Vuitton,1,1,CATEGORY,"Handbag, Shoulder bag",1,1,COLOR,Blue,1,1,HARDWARE COLOR,Golden,1,1,MATTER,Leather,1,1,CONDITION,Very good,1,1,SIZE,Grand,1,1,LIMITED EDITION,Non,1,1,YEAR OF PRODUCTION,Years 2020,1,1,default
1036,simple,A1036,LOUIS VUITTON Milla MM bag in red leather,1,0,visible,Condition Very good?\nInterior slightly stained\nCorners slightly damaged,,,,taxable,,1,,,0,0,,,,,1,,,2035,HANDBAG,,,"http://localhost/wordpress/wp-content/uploads/2023/08/LOUIS-VUITTON-Milla-MM-bag-in-red-leather_01.jpg, http://localhost/wordpress/wp-content/uploads/2023/08/LOUIS-VUITTON-Milla-MM-bag-in-red-leather_02.jpg, http://localhost/wordpress/wp-content/uploads/2023/08/LOUIS-VUITTON-Milla-MM-bag-in-red-leather_03.jpg, http://localhost/wordpress/wp-content/uploads/2023/08/LOUIS-VUITTON-Milla-MM-bag-in-red-leather_04.jpg, http://localhost/wordpress/wp-content/uploads/2023/08/LOUIS-VUITTON-Milla-MM-bag-in-red-leather_05.jpg, http://localhost/wordpress/wp-content/uploads/2023/08/LOUIS-VUITTON-Milla-MM-bag-in-red-leather_06.jpg, http://localhost/wordpress/wp-content/uploads/2023/08/LOUIS-VUITTON-Milla-MM-bag-in-red-leather_07.jpg, http://localhost/wordpress/wp-content/uploads/2023/08/LOUIS-VUITTON-Milla-MM-bag-in-red-leather_08.jpg, http://localhost/wordpress/wp-content/uploads/2023/08/LOUIS-VUITTON-Milla-MM-bag-in-red-leather_09.jpg, http://localhost/wordpress/wp-content/uploads/2023/08/LOUIS-VUITTON-Milla-MM-bag-in-red-leather_10.jpg, http://localhost/wordpress/wp-content/uploads/2023/08/LOUIS-VUITTON-Milla-MM-bag-in-red-leather_11.jpg, http://localhost/wordpress/wp-content/uploads/2023/08/LOUIS-VUITTON-Milla-MM-bag-in-red-leather_12.jpg",,,,,,,,,0,BRAND,Louis Vuitton,1,1,CATEGORY,"Handbag, Shoulder bag",1,1,COLOR,Red,1,1,HARDWARE COLOR,Golden,1,1,MATTER,Leather,1,1,CONDITION,Very good,1,1,SIZE,Grand,1,1,LIMITED EDITION,Non,1,1,YEAR OF PRODUCTION,Years 2010,1,1,default
1037,simple,A1037,LOUIS VUITTON Montaigne BB bag in white leather,1,0,visible,Condition Very good?\nInterior slightly stained,,,,taxable,,1,,,0,0,,,,,1,,,1521,HANDBAG,,,"http://localhost/wordpress/wp-content/uploads/2023/08/LOUIS-VUITTON-Montaigne-BB-bag-in-white-leather_01.jpg, http://localhost/wordpress/wp-content/uploads/2023/08/LOUIS-VUITTON-Montaigne-BB-bag-in-white-leather_02.jpg, http://localhost/wordpress/wp-content/uploads/2023/08/LOUIS-VUITTON-Montaigne-BB-bag-in-white-leather_03.jpg, http://localhost/wordpress/wp-content/uploads/2023/08/LOUIS-VUITTON-Montaigne-BB-bag-in-white-leather_04.jpg, http://localhost/wordpress/wp-content/uploads/2023/08/LOUIS-VUITTON-Montaigne-BB-bag-in-white-leather_05.jpg, http://localhost/wordpress/wp-content/uploads/2023/08/LOUIS-VUITTON-Montaigne-BB-bag-in-white-leather_06.jpg, http://localhost/wordpress/wp-content/uploads/2023/08/LOUIS-VUITTON-Montaigne-BB-bag-in-white-leather_07.jpg, http://localhost/wordpress/wp-content/uploads/2023/08/LOUIS-VUITTON-Montaigne-BB-bag-in-white-leather_08.jpg, http://localhost/wordpress/wp-content/uploads/2023/08/LOUIS-VUITTON-Montaigne-BB-bag-in-white-leather_09.jpg, http://localhost/wordpress/wp-content/uploads/2023/08/LOUIS-VUITTON-Montaigne-BB-bag-in-white-leather_10.jpg",,,,,,,,,0,BRAND,Louis Vuitton,1,1,CATEGORY,Shoulder bag,1,1,COLOR,White,1,1,HARDWARE COLOR,Golden,1,1,MATTER,Leather,1,1,CONDITION,Very good,1,1,SIZE,Average,1,1,LIMITED EDITION,Non,1,1,YEAR OF PRODUCTION,Years 2010,1,1,default
1038,simple,A1038,LOUIS VUITTON NéoNoé MM bucket bag in red epi leather,1,0,visible,Condition Very good?\nCorners slightly damaged\nSome signs of wear on the leather,,,,taxable,,1,,,0,0,,,,,1,,,1566,HANDBAG,,,"http://localhost/wordpress/wp-content/uploads/2023/08/LOUIS-VUITTON-NéoNoé-MM-bucket-bag-in-red-epi-leather_01.jpg, http://localhost/wordpress/wp-content/uploads/2023/08/LOUIS-VUITTON-NéoNoé-MM-bucket-bag-in-red-epi-leather_02.jpg, http://localhost/wordpress/wp-content/uploads/2023/08/LOUIS-VUITTON-NéoNoé-MM-bucket-bag-in-red-epi-leather_03.jpg, http://localhost/wordpress/wp-content/uploads/2023/08/LOUIS-VUITTON-NéoNoé-MM-bucket-bag-in-red-epi-leather_04.jpg, http://localhost/wordpress/wp-content/uploads/2023/08/LOUIS-VUITTON-NéoNoé-MM-bucket-bag-in-red-epi-leather_05.jpg, http://localhost/wordpress/wp-content/uploads/2023/08/LOUIS-VUITTON-NéoNoé-MM-bucket-bag-in-red-epi-leather_06.jpg, http://localhost/wordpress/wp-content/uploads/2023/08/LOUIS-VUITTON-NéoNoé-MM-bucket-bag-in-red-epi-leather_07.jpg, http://localhost/wordpress/wp-content/uploads/2023/08/LOUIS-VUITTON-NéoNoé-MM-bucket-bag-in-red-epi-leather_08.jpg, http://localhost/wordpress/wp-content/uploads/2023/08/LOUIS-VUITTON-NéoNoé-MM-bucket-bag-in-red-epi-leather_09.jpg, http://localhost/wordpress/wp-content/uploads/2023/08/LOUIS-VUITTON-NéoNoé-MM-bucket-bag-in-red-epi-leather_10.jpg, http://localhost/wordpress/wp-content/uploads/2023/08/LOUIS-VUITTON-NéoNoé-MM-bucket-bag-in-red-epi-leather_11.jpg, http://localhost/wordpress/wp-content/uploads/2023/08/LOUIS-VUITTON-NéoNoé-MM-bucket-bag-in-red-epi-leather_12.jpg, http://localhost/wordpress/wp-content/uploads/2023/08/LOUIS-VUITTON-NéoNoé-MM-bucket-bag-in-red-epi-leather_13.jpg, http://localhost/wordpress/wp-content/uploads/2023/08/LOUIS-VUITTON-NéoNoé-MM-bucket-bag-in-red-epi-leather_14.jpg",,,,,,,,,0,BRAND,Louis Vuitton,1,1,CATEGORY,"Handbag, Shoulder bag",1,1,COLOR,Red,1,1,HARDWARE COLOR,Silver,1,1,MATTER,"Leather, Epi leather",1,1,CONDITION,Very good,1,1,SIZE,Average,1,1,LIMITED EDITION,Non,1,1,YEAR OF PRODUCTION,Years 2010,1,1,default
1039,simple,A1039,LOUIS VUITTON Pallas bag in brown monogram canvas,1,0,visible,Condition Very good?\nLoss of gilding on the hardware\nSlightly deformed handles,,,,taxable,,1,,,0,0,,,,,1,,,2035,HANDBAG,,,"http://localhost/wordpress/wp-content/uploads/2023/08/LOUIS-VUITTON-Pallas-bag-in-brown-monogram-canvas_01.jpg, http://localhost/wordpress/wp-content/uploads/2023/08/LOUIS-VUITTON-Pallas-bag-in-brown-monogram-canvas_02.jpg, http://localhost/wordpress/wp-content/uploads/2023/08/LOUIS-VUITTON-Pallas-bag-in-brown-monogram-canvas_03.jpg, http://localhost/wordpress/wp-content/uploads/2023/08/LOUIS-VUITTON-Pallas-bag-in-brown-monogram-canvas_04.jpg, http://localhost/wordpress/wp-content/uploads/2023/08/LOUIS-VUITTON-Pallas-bag-in-brown-monogram-canvas_05.jpg, http://localhost/wordpress/wp-content/uploads/2023/08/LOUIS-VUITTON-Pallas-bag-in-brown-monogram-canvas_06.jpg, http://localhost/wordpress/wp-content/uploads/2023/08/LOUIS-VUITTON-Pallas-bag-in-brown-monogram-canvas_07.jpg, http://localhost/wordpress/wp-content/uploads/2023/08/LOUIS-VUITTON-Pallas-bag-in-brown-monogram-canvas_08.jpg, http://localhost/wordpress/wp-content/uploads/2023/08/LOUIS-VUITTON-Pallas-bag-in-brown-monogram-canvas_09.jpg, http://localhost/wordpress/wp-content/uploads/2023/08/LOUIS-VUITTON-Pallas-bag-in-brown-monogram-canvas_10.jpg, http://localhost/wordpress/wp-content/uploads/2023/08/LOUIS-VUITTON-Pallas-bag-in-brown-monogram-canvas_11.jpg, http://localhost/wordpress/wp-content/uploads/2023/08/LOUIS-VUITTON-Pallas-bag-in-brown-monogram-canvas_12.jpg, http://localhost/wordpress/wp-content/uploads/2023/08/LOUIS-VUITTON-Pallas-bag-in-brown-monogram-canvas_13.jpg",,,,,,,,,0,BRAND,Louis Vuitton,1,1,CATEGORY,"Handbag, Tote bag, Shoulder bag",1,1,COLOR,Chestnut,1,1,HARDWARE COLOR,Golden,1,1,MATTER,"Cloth, Monogram canvas",1,1,CONDITION,Very good,1,1,SIZE,Grand,1,1,LIMITED EDITION,Non,1,1,YEAR OF PRODUCTION,Years 2010,1,1,default
1040,simple,A1040,LOUIS VUITTON Papillon bag in ebene checkerboard canvas,1,0,visible,Condition Very good?\nScratches on the hardware\nSlight wear to the handles,,,,taxable,,1,,,0,0,,,,,1,,,1297,HANDBAG,,,"http://localhost/wordpress/wp-content/uploads/2023/08/LOUIS-VUITTON-Papillon-bag-in-ebene-checkerboard-canvas_01.jpg, http://localhost/wordpress/wp-content/uploads/2023/08/LOUIS-VUITTON-Papillon-bag-in-ebene-checkerboard-canvas_02.jpg, http://localhost/wordpress/wp-content/uploads/2023/08/LOUIS-VUITTON-Papillon-bag-in-ebene-checkerboard-canvas_03.jpg, http://localhost/wordpress/wp-content/uploads/2023/08/LOUIS-VUITTON-Papillon-bag-in-ebene-checkerboard-canvas_04.jpg, http://localhost/wordpress/wp-content/uploads/2023/08/LOUIS-VUITTON-Papillon-bag-in-ebene-checkerboard-canvas_05.jpg, http://localhost/wordpress/wp-content/uploads/2023/08/LOUIS-VUITTON-Papillon-bag-in-ebene-checkerboard-canvas_06.jpg, http://localhost/wordpress/wp-content/uploads/2023/08/LOUIS-VUITTON-Papillon-bag-in-ebene-checkerboard-canvas_07.jpg, http://localhost/wordpress/wp-content/uploads/2023/08/LOUIS-VUITTON-Papillon-bag-in-ebene-checkerboard-canvas_08.jpg, http://localhost/wordpress/wp-content/uploads/2023/08/LOUIS-VUITTON-Papillon-bag-in-ebene-checkerboard-canvas_09.jpg, http://localhost/wordpress/wp-content/uploads/2023/08/LOUIS-VUITTON-Papillon-bag-in-ebene-checkerboard-canvas_10.jpg, http://localhost/wordpress/wp-content/uploads/2023/08/LOUIS-VUITTON-Papillon-bag-in-ebene-checkerboard-canvas_11.jpg, http://localhost/wordpress/wp-content/uploads/2023/08/LOUIS-VUITTON-Papillon-bag-in-ebene-checkerboard-canvas_12.jpg, http://localhost/wordpress/wp-content/uploads/2023/08/LOUIS-VUITTON-Papillon-bag-in-ebene-checkerboard-canvas_13.jpg",,,,,,,,,0,BRAND,Louis Vuitton,1,1,CATEGORY,"Handbag, Shoulder bag",1,1,COLOR,Chestnut,1,1,HARDWARE COLOR,Golden,1,1,MATTER,"Cloth, Monogram canvas",1,1,CONDITION,Very good,1,1,SIZE,Grand,1,1,LIMITED EDITION,Non,1,1,YEAR OF PRODUCTION,,1,1,default
1041,simple,A1041,LOUIS VUITTON Sac Alma BB in verni violet leather,1,0,visible,Condition Good?\nDamaged corners\nSome stains outside,,,,taxable,,1,,,0,0,,,,,1,,,1478,HANDBAG,,,"http://localhost/wordpress/wp-content/uploads/2023/08/LOUIS-VUITTON-Sac-Alma-BB-in-verni-violet-leather_01.jpg, http://localhost/wordpress/wp-content/uploads/2023/08/LOUIS-VUITTON-Sac-Alma-BB-in-verni-violet-leather_02.jpg, http://localhost/wordpress/wp-content/uploads/2023/08/LOUIS-VUITTON-Sac-Alma-BB-in-verni-violet-leather_03.jpg, http://localhost/wordpress/wp-content/uploads/2023/08/LOUIS-VUITTON-Sac-Alma-BB-in-verni-violet-leather_04.jpg, http://localhost/wordpress/wp-content/uploads/2023/08/LOUIS-VUITTON-Sac-Alma-BB-in-verni-violet-leather_05.jpg, http://localhost/wordpress/wp-content/uploads/2023/08/LOUIS-VUITTON-Sac-Alma-BB-in-verni-violet-leather_06.jpg, http://localhost/wordpress/wp-content/uploads/2023/08/LOUIS-VUITTON-Sac-Alma-BB-in-verni-violet-leather_07.jpg, http://localhost/wordpress/wp-content/uploads/2023/08/LOUIS-VUITTON-Sac-Alma-BB-in-verni-violet-leather_08.jpg, http://localhost/wordpress/wp-content/uploads/2023/08/LOUIS-VUITTON-Sac-Alma-BB-in-verni-violet-leather_09.jpg, http://localhost/wordpress/wp-content/uploads/2023/08/LOUIS-VUITTON-Sac-Alma-BB-in-verni-violet-leather_10.jpg, http://localhost/wordpress/wp-content/uploads/2023/08/LOUIS-VUITTON-Sac-Alma-BB-in-verni-violet-leather_11.jpg, http://localhost/wordpress/wp-content/uploads/2023/08/LOUIS-VUITTON-Sac-Alma-BB-in-verni-violet-leather_12.jpg, http://localhost/wordpress/wp-content/uploads/2023/08/LOUIS-VUITTON-Sac-Alma-BB-in-verni-violet-leather_13.jpg, http://localhost/wordpress/wp-content/uploads/2023/08/LOUIS-VUITTON-Sac-Alma-BB-in-verni-violet-leather_14.jpg",,,,,,,,,0,BRAND,Louis Vuitton,1,1,CATEGORY,"Handbag, Shoulder bag",1,1,COLOR,Chestnut,1,1,HARDWARE COLOR,Golden,1,1,MATTER,"Leather, Cuir verni",1,1,CONDITION,Good,1,1,SIZE,Average,1,1,LIMITED EDITION,Non,1,1,YEAR OF PRODUCTION,Years 2020,1,1,default
1042,simple,A1042,LOUIS VUITTON Sac Galliera Vintage en toile monogramme marron,1,0,visible,Condition Bonne?\nOutdoor tasks\nWear to the handles\nSome stains inside,,,,taxable,,1,,,0,0,,,,,1,,,1085,HANDBAG,,,"http://localhost/wordpress/wp-content/uploads/2023/08/LOUIS-VUITTON-Sac-Galliera-Vintage-en-toile-monogramme-marron_01.jpg, http://localhost/wordpress/wp-content/uploads/2023/08/LOUIS-VUITTON-Sac-Galliera-Vintage-en-toile-monogramme-marron_02.jpg, http://localhost/wordpress/wp-content/uploads/2023/08/LOUIS-VUITTON-Sac-Galliera-Vintage-en-toile-monogramme-marron_03.jpg, http://localhost/wordpress/wp-content/uploads/2023/08/LOUIS-VUITTON-Sac-Galliera-Vintage-en-toile-monogramme-marron_04.jpg, http://localhost/wordpress/wp-content/uploads/2023/08/LOUIS-VUITTON-Sac-Galliera-Vintage-en-toile-monogramme-marron_05.jpg, http://localhost/wordpress/wp-content/uploads/2023/08/LOUIS-VUITTON-Sac-Galliera-Vintage-en-toile-monogramme-marron_06.jpg, http://localhost/wordpress/wp-content/uploads/2023/08/LOUIS-VUITTON-Sac-Galliera-Vintage-en-toile-monogramme-marron_07.jpg, http://localhost/wordpress/wp-content/uploads/2023/08/LOUIS-VUITTON-Sac-Galliera-Vintage-en-toile-monogramme-marron_08.jpg, http://localhost/wordpress/wp-content/uploads/2023/08/LOUIS-VUITTON-Sac-Galliera-Vintage-en-toile-monogramme-marron_09.jpg, http://localhost/wordpress/wp-content/uploads/2023/08/LOUIS-VUITTON-Sac-Galliera-Vintage-en-toile-monogramme-marron_10.jpg, http://localhost/wordpress/wp-content/uploads/2023/08/LOUIS-VUITTON-Sac-Galliera-Vintage-en-toile-monogramme-marron_11.jpg, http://localhost/wordpress/wp-content/uploads/2023/08/LOUIS-VUITTON-Sac-Galliera-Vintage-en-toile-monogramme-marron_12.jpg, http://localhost/wordpress/wp-content/uploads/2023/08/LOUIS-VUITTON-Sac-Galliera-Vintage-en-toile-monogramme-marron_13.jpg, http://localhost/wordpress/wp-content/uploads/2023/08/LOUIS-VUITTON-Sac-Galliera-Vintage-en-toile-monogramme-marron_14.jpg",,,,,,,,,0,BRAND,Louis Vuitton,1,1,CATEGORY,"Handbag, Shoulder bag",1,1,COLOR,Chestnut,1,1,HARDWARE COLOR,Golden,1,1,MATTER,"Cloth, Monogram canvas",1,1,CONDITION,Good,1,1,SIZE,Very large,1,1,LIMITED EDITION,Non,1,1,YEAR OF PRODUCTION,2000s,1,1,default
1043,simple,A1043,LOUIS VUITTON Sac Twist Edition Paisley en cuir épi blanc,1,0,visible,Condition Very good?\nStain on the front of the bag\nWear on the suede,,,,taxable,,1,,,0,0,,,,,1,,,2695,HANDBAG,,,"http://localhost/wordpress/wp-content/uploads/2023/08/LOUIS-VUITTON-Sac-Twist-Edition-Paisley-en-cuir-épi-blanc_01.jpg, http://localhost/wordpress/wp-content/uploads/2023/08/LOUIS-VUITTON-Sac-Twist-Edition-Paisley-en-cuir-épi-blanc_02.jpg, http://localhost/wordpress/wp-content/uploads/2023/08/LOUIS-VUITTON-Sac-Twist-Edition-Paisley-en-cuir-épi-blanc_03.jpg, http://localhost/wordpress/wp-content/uploads/2023/08/LOUIS-VUITTON-Sac-Twist-Edition-Paisley-en-cuir-épi-blanc_04.jpg, http://localhost/wordpress/wp-content/uploads/2023/08/LOUIS-VUITTON-Sac-Twist-Edition-Paisley-en-cuir-épi-blanc_05.jpg, http://localhost/wordpress/wp-content/uploads/2023/08/LOUIS-VUITTON-Sac-Twist-Edition-Paisley-en-cuir-épi-blanc_06.jpg, http://localhost/wordpress/wp-content/uploads/2023/08/LOUIS-VUITTON-Sac-Twist-Edition-Paisley-en-cuir-épi-blanc_07.jpg, http://localhost/wordpress/wp-content/uploads/2023/08/LOUIS-VUITTON-Sac-Twist-Edition-Paisley-en-cuir-épi-blanc_08.jpg, http://localhost/wordpress/wp-content/uploads/2023/08/LOUIS-VUITTON-Sac-Twist-Edition-Paisley-en-cuir-épi-blanc_09.jpg, http://localhost/wordpress/wp-content/uploads/2023/08/LOUIS-VUITTON-Sac-Twist-Edition-Paisley-en-cuir-épi-blanc_10.jpg, http://localhost/wordpress/wp-content/uploads/2023/08/LOUIS-VUITTON-Sac-Twist-Edition-Paisley-en-cuir-épi-blanc_11.jpg, http://localhost/wordpress/wp-content/uploads/2023/08/LOUIS-VUITTON-Sac-Twist-Edition-Paisley-en-cuir-épi-blanc_12.jpg, http://localhost/wordpress/wp-content/uploads/2023/08/LOUIS-VUITTON-Sac-Twist-Edition-Paisley-en-cuir-épi-blanc_13.jpg, http://localhost/wordpress/wp-content/uploads/2023/08/LOUIS-VUITTON-Sac-Twist-Edition-Paisley-en-cuir-épi-blanc_14.jpg",,,,,,,,,0,BRAND,Louis Vuitton,1,1,CATEGORY,Shoulder bag,1,1,COLOR,White,1,1,HARDWARE COLOR,Silver,1,1,MATTER,"Leather, Epi leather",1,1,CONDITION,Very good,1,1,SIZE,Mini,1,1,LIMITED EDITION,Yes,1,1,YEAR OF PRODUCTION,Years 2010,1,1,default
1044,simple,A1044,LOUIS VUITTON Sac Uzes Vintage and toile damier ébène,1,0,visible,Condition Very good?\nSome signs of wear on the leather,,,,taxable,,1,,,0,0,,,,,1,,,1076,HANDBAG,,,"http://localhost/wordpress/wp-content/uploads/2023/08/LOUIS-VUITTON-Sac-Uzes-Vintage-and-toile-damier-ébène_01.jpg, http://localhost/wordpress/wp-content/uploads/2023/08/LOUIS-VUITTON-Sac-Uzes-Vintage-and-toile-damier-ébène_02.jpg, http://localhost/wordpress/wp-content/uploads/2023/08/LOUIS-VUITTON-Sac-Uzes-Vintage-and-toile-damier-ébène_03.jpg, http://localhost/wordpress/wp-content/uploads/2023/08/LOUIS-VUITTON-Sac-Uzes-Vintage-and-toile-damier-ébène_04.jpg, http://localhost/wordpress/wp-content/uploads/2023/08/LOUIS-VUITTON-Sac-Uzes-Vintage-and-toile-damier-ébène_05.jpg, http://localhost/wordpress/wp-content/uploads/2023/08/LOUIS-VUITTON-Sac-Uzes-Vintage-and-toile-damier-ébène_06.jpg, http://localhost/wordpress/wp-content/uploads/2023/08/LOUIS-VUITTON-Sac-Uzes-Vintage-and-toile-damier-ébène_07.jpg, http://localhost/wordpress/wp-content/uploads/2023/08/LOUIS-VUITTON-Sac-Uzes-Vintage-and-toile-damier-ébène_08.jpg, http://localhost/wordpress/wp-content/uploads/2023/08/LOUIS-VUITTON-Sac-Uzes-Vintage-and-toile-damier-ébène_09.jpg, http://localhost/wordpress/wp-content/uploads/2023/08/LOUIS-VUITTON-Sac-Uzes-Vintage-and-toile-damier-ébène_10.jpg, http://localhost/wordpress/wp-content/uploads/2023/08/LOUIS-VUITTON-Sac-Uzes-Vintage-and-toile-damier-ébène_11.jpg, http://localhost/wordpress/wp-content/uploads/2023/08/LOUIS-VUITTON-Sac-Uzes-Vintage-and-toile-damier-ébène_12.jpg, http://localhost/wordpress/wp-content/uploads/2023/08/LOUIS-VUITTON-Sac-Uzes-Vintage-and-toile-damier-ébène_13.jpg",,,,,,,,,0,BRAND,Louis Vuitton,1,1,CATEGORY,"Handbag, Shoulder bag",1,1,COLOR,Chestnut,1,1,HARDWARE COLOR,Golden,1,1,MATTER,Cloth,1,1,CONDITION,Very good,1,1,SIZE,Grand,1,1,LIMITED EDITION,Non,1,1,YEAR OF PRODUCTION,2000s,1,1,default
1045,simple,A1045,LOUIS VUITTON Speedy 30 Vintage bag in red epi leather,1,0,visible,Condition Very good?\nCorners slightly damaged\nLoss of gilding on the hardware,,,,taxable,,1,,,0,0,,,,,1,,,548,HANDBAG,,,"http://localhost/wordpress/wp-content/uploads/2023/08/LOUIS-VUITTON-Speedy-30-Vintage-bag-in-red-epi-leather_01.jpg, http://localhost/wordpress/wp-content/uploads/2023/08/LOUIS-VUITTON-Speedy-30-Vintage-bag-in-red-epi-leather_02.jpg, http://localhost/wordpress/wp-content/uploads/2023/08/LOUIS-VUITTON-Speedy-30-Vintage-bag-in-red-epi-leather_03.jpg, http://localhost/wordpress/wp-content/uploads/2023/08/LOUIS-VUITTON-Speedy-30-Vintage-bag-in-red-epi-leather_04.jpg, http://localhost/wordpress/wp-content/uploads/2023/08/LOUIS-VUITTON-Speedy-30-Vintage-bag-in-red-epi-leather_05.jpg, http://localhost/wordpress/wp-content/uploads/2023/08/LOUIS-VUITTON-Speedy-30-Vintage-bag-in-red-epi-leather_06.jpg, http://localhost/wordpress/wp-content/uploads/2023/08/LOUIS-VUITTON-Speedy-30-Vintage-bag-in-red-epi-leather_07.jpg, http://localhost/wordpress/wp-content/uploads/2023/08/LOUIS-VUITTON-Speedy-30-Vintage-bag-in-red-epi-leather_08.jpg, http://localhost/wordpress/wp-content/uploads/2023/08/LOUIS-VUITTON-Speedy-30-Vintage-bag-in-red-epi-leather_09.jpg, http://localhost/wordpress/wp-content/uploads/2023/08/LOUIS-VUITTON-Speedy-30-Vintage-bag-in-red-epi-leather_10.jpg, http://localhost/wordpress/wp-content/uploads/2023/08/LOUIS-VUITTON-Speedy-30-Vintage-bag-in-red-epi-leather_11.jpg, http://localhost/wordpress/wp-content/uploads/2023/08/LOUIS-VUITTON-Speedy-30-Vintage-bag-in-red-epi-leather_12.jpg",,,,,,,,,0,BRAND,Louis Vuitton,1,1,CATEGORY,Handbag,1,1,COLOR,Red,1,1,HARDWARE COLOR,Golden,1,1,MATTER,"Leather, Epi leather",1,1,CONDITION,Very good,1,1,SIZE,Grand,1,1,LIMITED EDITION,Non,1,1,YEAR OF PRODUCTION,1990s,1,1,default
1046,simple,A1046,LOUIS VUITTON Twist Love Lock Charm PM bag in red epi leather,1,0,visible,Condition excellent?\nScratches on the hardware\nInterior slightly stained,,,,taxable,,1,,,0,0,,,,,1,,,3053,HANDBAG,,,"http://localhost/wordpress/wp-content/uploads/2023/08/LOUIS-VUITTON-Twist-Love-Lock-Charm-PM-bag-in-red-epi-leather_01.jpg, http://localhost/wordpress/wp-content/uploads/2023/08/LOUIS-VUITTON-Twist-Love-Lock-Charm-PM-bag-in-red-epi-leather_02.jpg, http://localhost/wordpress/wp-content/uploads/2023/08/LOUIS-VUITTON-Twist-Love-Lock-Charm-PM-bag-in-red-epi-leather_03.jpg, http://localhost/wordpress/wp-content/uploads/2023/08/LOUIS-VUITTON-Twist-Love-Lock-Charm-PM-bag-in-red-epi-leather_04.jpg, http://localhost/wordpress/wp-content/uploads/2023/08/LOUIS-VUITTON-Twist-Love-Lock-Charm-PM-bag-in-red-epi-leather_05.jpg, http://localhost/wordpress/wp-content/uploads/2023/08/LOUIS-VUITTON-Twist-Love-Lock-Charm-PM-bag-in-red-epi-leather_06.jpg, http://localhost/wordpress/wp-content/uploads/2023/08/LOUIS-VUITTON-Twist-Love-Lock-Charm-PM-bag-in-red-epi-leather_07.jpg, http://localhost/wordpress/wp-content/uploads/2023/08/LOUIS-VUITTON-Twist-Love-Lock-Charm-PM-bag-in-red-epi-leather_08.jpg, http://localhost/wordpress/wp-content/uploads/2023/08/LOUIS-VUITTON-Twist-Love-Lock-Charm-PM-bag-in-red-epi-leather_09.jpg, http://localhost/wordpress/wp-content/uploads/2023/08/LOUIS-VUITTON-Twist-Love-Lock-Charm-PM-bag-in-red-epi-leather_10.jpg, http://localhost/wordpress/wp-content/uploads/2023/08/LOUIS-VUITTON-Twist-Love-Lock-Charm-PM-bag-in-red-epi-leather_11.jpg, http://localhost/wordpress/wp-content/uploads/2023/08/LOUIS-VUITTON-Twist-Love-Lock-Charm-PM-bag-in-red-epi-leather_12.jpg, http://localhost/wordpress/wp-content/uploads/2023/08/LOUIS-VUITTON-Twist-Love-Lock-Charm-PM-bag-in-red-epi-leather_13.jpg, http://localhost/wordpress/wp-content/uploads/2023/08/LOUIS-VUITTON-Twist-Love-Lock-Charm-PM-bag-in-red-epi-leather_14.jpg",,,,,,,,,0,BRAND,Louis Vuitton,1,1,CATEGORY,"Handbag, Shoulder bag",1,1,COLOR,Red,1,1,HARDWARE COLOR,Silver,1,1,MATTER,"Leather, Epi leather",1,1,CONDITION,Excellent,1,1,SIZE,Mini,1,1,LIMITED EDITION,Yes,1,1,YEAR OF PRODUCTION,Years 2010,1,1,default
1047,simple,A1047,LOUIS VUITTON Twist Tote bag Limited edition of blue epi leather,1,0,visible,Condition Very good?\nStripes on the clasp,,,,taxable,,1,,,0,0,,,,,1,,,2628,HANDBAG,,,"http://localhost/wordpress/wp-content/uploads/2023/08/LOUIS-VUITTON-Twist-Tote-bag-Limited-edition-of-blue-epi-leather_01.jpg, http://localhost/wordpress/wp-content/uploads/2023/08/LOUIS-VUITTON-Twist-Tote-bag-Limited-edition-of-blue-epi-leather_02.jpg, http://localhost/wordpress/wp-content/uploads/2023/08/LOUIS-VUITTON-Twist-Tote-bag-Limited-edition-of-blue-epi-leather_03.jpg, http://localhost/wordpress/wp-content/uploads/2023/08/LOUIS-VUITTON-Twist-Tote-bag-Limited-edition-of-blue-epi-leather_04.jpg, http://localhost/wordpress/wp-content/uploads/2023/08/LOUIS-VUITTON-Twist-Tote-bag-Limited-edition-of-blue-epi-leather_05.jpg, http://localhost/wordpress/wp-content/uploads/2023/08/LOUIS-VUITTON-Twist-Tote-bag-Limited-edition-of-blue-epi-leather_06.jpg, http://localhost/wordpress/wp-content/uploads/2023/08/LOUIS-VUITTON-Twist-Tote-bag-Limited-edition-of-blue-epi-leather_07.jpg, http://localhost/wordpress/wp-content/uploads/2023/08/LOUIS-VUITTON-Twist-Tote-bag-Limited-edition-of-blue-epi-leather_08.jpg, http://localhost/wordpress/wp-content/uploads/2023/08/LOUIS-VUITTON-Twist-Tote-bag-Limited-edition-of-blue-epi-leather_09.jpg, http://localhost/wordpress/wp-content/uploads/2023/08/LOUIS-VUITTON-Twist-Tote-bag-Limited-edition-of-blue-epi-leather_10.jpg, http://localhost/wordpress/wp-content/uploads/2023/08/LOUIS-VUITTON-Twist-Tote-bag-Limited-edition-of-blue-epi-leather_11.jpg, http://localhost/wordpress/wp-content/uploads/2023/08/LOUIS-VUITTON-Twist-Tote-bag-Limited-edition-of-blue-epi-leather_12.jpg",,,,,,,,,0,BRAND,Louis Vuitton,1,1,CATEGORY,"Handbag, Shoulder bag, Tote bag",1,1,COLOR,Blue,1,1,HARDWARE COLOR,Silver,1,1,MATTER,"Leather, Epi leather",1,1,CONDITION,Very good,1,1,SIZE,Grand,1,1,LIMITED EDITION,Yes,1,1,YEAR OF PRODUCTION,Years 2010,1,1,default
1048,simple,A1048,LOUIS VUITTON Very One bag in red leather,1,0,visible,Condition Very good?\nCorners slightly damaged\nA few scratches\nSlightly marked leather,,,,taxable,,1,,,0,0,,,,,1,,,1778,HANDBAG,,,"http://localhost/wordpress/wp-content/uploads/2023/08/LOUIS-VUITTON-Very-One-bag-in-red-leather_01.jpg, http://localhost/wordpress/wp-content/uploads/2023/08/LOUIS-VUITTON-Very-One-bag-in-red-leather_02.jpg, http://localhost/wordpress/wp-content/uploads/2023/08/LOUIS-VUITTON-Very-One-bag-in-red-leather_03.jpg, http://localhost/wordpress/wp-content/uploads/2023/08/LOUIS-VUITTON-Very-One-bag-in-red-leather_04.jpg, http://localhost/wordpress/wp-content/uploads/2023/08/LOUIS-VUITTON-Very-One-bag-in-red-leather_05.jpg, http://localhost/wordpress/wp-content/uploads/2023/08/LOUIS-VUITTON-Very-One-bag-in-red-leather_06.jpg, http://localhost/wordpress/wp-content/uploads/2023/08/LOUIS-VUITTON-Very-One-bag-in-red-leather_07.jpg, http://localhost/wordpress/wp-content/uploads/2023/08/LOUIS-VUITTON-Very-One-bag-in-red-leather_08.jpg, http://localhost/wordpress/wp-content/uploads/2023/08/LOUIS-VUITTON-Very-One-bag-in-red-leather_09.jpg, http://localhost/wordpress/wp-content/uploads/2023/08/LOUIS-VUITTON-Very-One-bag-in-red-leather_10.jpg, http://localhost/wordpress/wp-content/uploads/2023/08/LOUIS-VUITTON-Very-One-bag-in-red-leather_11.jpg, http://localhost/wordpress/wp-content/uploads/2023/08/LOUIS-VUITTON-Very-One-bag-in-red-leather_12.jpg",,,,,,,,,0,BRAND,Louis Vuitton,1,1,CATEGORY,"Handbag, Shoulder bag",1,1,COLOR,Red,1,1,HARDWARE COLOR,Silver,1,1,MATTER,Leather,1,1,CONDITION,Very good,1,1,SIZE,Grand,1,1,LIMITED EDITION,Non,1,1,YEAR OF PRODUCTION,,1,1,default
1049,simple,A1049,LOUIS VUITTON Vintage Accessory Pouch bag in brown monogram canvas,1,0,visible,Condition Very good?\nWear to the handles\nLoss of gilding on the hardware,,,,taxable,,1,,,0,0,,,,,1,,,796,HANDBAG,,,"http://localhost/wordpress/wp-content/uploads/2023/08/LOUIS-VUITTON-Vintage-Accessory-Pouch-bag-in-brown-monogram-canvas_01.jpg, http://localhost/wordpress/wp-content/uploads/2023/08/LOUIS-VUITTON-Vintage-Accessory-Pouch-bag-in-brown-monogram-canvas_02.jpg, http://localhost/wordpress/wp-content/uploads/2023/08/LOUIS-VUITTON-Vintage-Accessory-Pouch-bag-in-brown-monogram-canvas_03.jpg, http://localhost/wordpress/wp-content/uploads/2023/08/LOUIS-VUITTON-Vintage-Accessory-Pouch-bag-in-brown-monogram-canvas_04.jpg, http://localhost/wordpress/wp-content/uploads/2023/08/LOUIS-VUITTON-Vintage-Accessory-Pouch-bag-in-brown-monogram-canvas_05.jpg, http://localhost/wordpress/wp-content/uploads/2023/08/LOUIS-VUITTON-Vintage-Accessory-Pouch-bag-in-brown-monogram-canvas_06.jpg, http://localhost/wordpress/wp-content/uploads/2023/08/LOUIS-VUITTON-Vintage-Accessory-Pouch-bag-in-brown-monogram-canvas_07.jpg, http://localhost/wordpress/wp-content/uploads/2023/08/LOUIS-VUITTON-Vintage-Accessory-Pouch-bag-in-brown-monogram-canvas_08.jpg, http://localhost/wordpress/wp-content/uploads/2023/08/LOUIS-VUITTON-Vintage-Accessory-Pouch-bag-in-brown-monogram-canvas_09.jpg, http://localhost/wordpress/wp-content/uploads/2023/08/LOUIS-VUITTON-Vintage-Accessory-Pouch-bag-in-brown-monogram-canvas_10.jpg, http://localhost/wordpress/wp-content/uploads/2023/08/LOUIS-VUITTON-Vintage-Accessory-Pouch-bag-in-brown-monogram-canvas_11.jpg, http://localhost/wordpress/wp-content/uploads/2023/08/LOUIS-VUITTON-Vintage-Accessory-Pouch-bag-in-brown-monogram-canvas_12.jpg, http://localhost/wordpress/wp-content/uploads/2023/08/LOUIS-VUITTON-Vintage-Accessory-Pouch-bag-in-brown-monogram-canvas_13.jpg, http://localhost/wordpress/wp-content/uploads/2023/08/LOUIS-VUITTON-Vintage-Accessory-Pouch-bag-in-brown-monogram-canvas_14.jpg",,,,,,,,,0,BRAND,Louis Vuitton,1,1,CATEGORY,"Handbag, Shoulder bag",1,1,COLOR,Chestnut,1,1,HARDWARE COLOR,Golden,1,1,MATTER,"Cloth, Monogram canvas",1,1,CONDITION,Very good,1,1,SIZE,Little,1,1,LIMITED EDITION,Non,1,1,YEAR OF PRODUCTION,2000s,1,1,default
